1	ты	ты	PRON	_	Case=Nom|Number=Sing|Person=2	_	_	_	@iav1984m-words#@iav1984m#0.14#0.43
2	можешь	мочь	VERB	_	Aspect=Imp|Mood=Ind|Number=Sing|Person=2|Tense=Pres|VerbForm=Fin|Voice=Act	_	_	_	@iav1984m-words#@iav1984m#0.43#0.72
3	объяснить	объяснить	VERB	_	Aspect=Perf|VerbForm=Inf|Voice=Act	_	_	_	@iav1984m-words#@iav1984m#0.72#1.01
4	/	/	PUNCT	_	_	_	_	_	@iav1984m-words#@iav1984m#1.01#1.3
5	эээ	эээ	INTJ	_	_	_	_	_	@iav1984m-words#@iav1984m#1.3#1.59
6	/	/	PUNCT	_	_	_	_	_	@iav1984m-words#@iav1984m#1.59#1.88
7	коротко	коротко	ADV	_	Degree=Pos	_	_	_	@iav1984m-words#@iav1984m#1.88#2.17
8	/	/	PUNCT	_	_	_	_	_	@iav1984m-words#@iav1984m#2.17#2.46
9	почему	почему	ADV	_	Degree=Pos	_	_	_	@iav1984m-words#@iav1984m#2.46#2.75
10	черный	черный	ADJ	_	Animacy=Inan|Case=Nom|Degree=Pos|Gender=Masc|Number=Sing	_	_	_	@iav1984m-words#@iav1984m#2.75#3.04
11	квадрат	квадрат	NOUN	_	Animacy=Inan|Case=Nom|Gender=Masc|Number=Sing	_	_	_	@iav1984m-words#@iav1984m#3.04#3.33
12	это	этот	DET	_	Case=Acc|Gender=Neut|Number=Sing	_	_	_	@iav1984m-words#@iav1984m#3.33#3.62
13	искусство	искусство	NOUN	_	Animacy=Inan|Case=Nom|Gender=Neut|Number=Sing	_	_	_	@iav1984m-words#@iav1984m#3.62#3.91
14	?	?	PUNCT	_	_	_	_	_	@iav1984m-words#@iav1984m#3.91#4.21
15	смотри	смотреть	VERB	_	Aspect=Imp|Mood=Imp|Number=Sing|Person=2|VerbForm=Fin|Voice=Act	_	_	_	@iav1984m-words#@iav1984m#125.06#125.36
16	/	/	PUNCT	_	_	_	_	_	@iav1984m-words#@iav1984m#125.36#125.66
17	я	я	PRON	_	Case=Nom|Number=Sing|Person=1	_	_	_	@iav1984m-words#@iav1984m#125.66#125.96
18	дворник	дворник	NOUN	_	Animacy=Anim|Case=Nom|Gender=Masc|Number=Sing	_	_	_	@iav1984m-words#@iav1984m#125.96#126.26
19	да	да	PART	_	_	_	_	_	@iav1984m-words#@iav1984m#126.82#128.0
20	меня	я	PRON	_	Case=Acc|Number=Sing|Person=1	_	_	_	@iav1984m-words#@iav1984m#128.11#128.37
21	послали	послать	VERB	_	Aspect=Perf|Mood=Ind|Number=Plur|Tense=Past|VerbForm=Fin|Voice=Act	_	_	_	@iav1984m-words#@iav1984m#128.37#128.63
22	/	/	PUNCT	_	_	_	_	_	@iav1984m-words#@iav1984m#128.63#128.89
23	за	за	ADP	_	_	_	_	_	@iav1984m-words#@iav1984m#128.89#129.15
24	как	как	ADV	_	Degree=Pos	_	_	_	@iav1984m-words#@iav1984m#129.15#129.41
25	бы	бы	PART	_	_	_	_	_	@iav1984m-words#@iav1984m#129.41#129.67
26	там	там	ADV	_	Degree=Pos	_	_	_	@iav1984m-words#@iav1984m#129.67#129.93
27	/	/	PUNCT	_	_	_	_	_	@iav1984m-words#@iav1984m#129.93#130.19
28	ну	ну	PART	_	_	_	_	_	@iav1984m-words#@iav1984m#130.19#130.45
29	вот	вот	PART	_	_	_	_	_	@iav1984m-words#@iav1984m#130.45#130.71
30	/	/	PUNCT	_	_	_	_	_	@iav1984m-words#@iav1984m#130.71#130.97
31	есть	быть	VERB	_	Aspect=Imp|Mood=Ind|Number=Sing|Person=3|Tense=Pres|VerbForm=Fin|Voice=Act	_	_	_	@iav1984m-words#@iav1984m#130.97#131.23
32	стена	стена	NOUN	_	Animacy=Inan|Case=Nom|Gender=Fem|Number=Sing	_	_	_	@iav1984m-words#@iav1984m#131.23#131.49
33	/	/	PUNCT	_	_	_	_	_	@iav1984m-words#@iav1984m#131.49#131.75
34	где	где	ADV	_	Degree=Pos	_	_	_	@iav1984m-words#@iav1984m#131.75#132.02
35	да...	да...	PART	_	_	_	_	_	@iav1984m-words#@iav1984m#132.55#132.787
36	даже	даже	PART	_	_	_	_	_	@iav1984m-words#@iav1984m#132.787#133.024
37	не	не	PART	_	_	_	_	_	@iav1984m-words#@iav1984m#133.024#133.261
38	ты	ты	PRON	_	Case=Nom|Number=Sing|Person=2	_	_	_	@iav1984m-words#@iav1984m#133.261#133.498
39	/	/	PUNCT	_	_	_	_	_	@iav1984m-words#@iav1984m#133.498#133.735
40	да	да	PART	_	_	_	_	_	@iav1984m-words#@iav1984m#133.735#133.972
41	/	/	PUNCT	_	_	_	_	_	@iav1984m-words#@iav1984m#133.972#134.209
42	там	там	ADV	_	Degree=Pos	_	_	_	@iav1984m-words#@iav1984m#134.209#134.446
43	/	/	PUNCT	_	_	_	_	_	@iav1984m-words#@iav1984m#134.446#134.683
44	ну	ну	INTJ	_	_	_	_	_	@iav1984m-words#@iav1984m#134.683#134.92
45	а	а	CCONJ	_	_	_	_	_	@iav1984m-words#@iav1984m#134.92#135.157
46	вот	вот	PART	_	_	_	_	_	@iav1984m-words#@iav1984m#135.157#135.394
47	кто-нибудь	кто-нибудь	PRON	_	Case=Nom	_	_	_	@iav1984m-words#@iav1984m#135.394#135.631
48	что-то	что-то	PRON	_	Case=Acc	_	_	_	@iav1984m-words#@iav1984m#135.631#135.868
49	там	там	ADV	_	Degree=Pos	_	_	_	@iav1984m-words#@iav1984m#135.868#136.105
50	на...	накалякать	PROPN	_	Aspect=Imp|Gender=Masc|Mood=Ind|Number=Sing|Tense=Past|VerbForm=Fin|Voice=Act	_	_	_	@iav1984m-words#@iav1984m#136.105#136.342
51	накалякал	накалякать	VERB	_	Aspect=Imp|Gender=Masc|Mood=Ind|Number=Sing|Tense=Past|VerbForm=Fin|Voice=Act	_	_	_	@iav1984m-words#@iav1984m#136.342#136.579
52	/	/	PUNCT	_	_	_	_	_	@iav1984m-words#@iav1984m#136.579#136.816
53	как	как	SCONJ	_	_	_	_	_	@iav1984m-words#@iav1984m#136.816#137.053
54	я	я	PRON	_	Case=Nom|Number=Sing|Person=1	_	_	_	@iav1984m-words#@iav1984m#137.053#137.29
55	как	как	SCONJ	_	_	_	_	_	@iav1984m-words#@iav1984m#137.29#137.527
56	я	я	PRON	_	Case=Nom|Number=Sing|Person=1	_	_	_	@iav1984m-words#@iav1984m#137.527#137.764
57	думаю	думать	VERB	_	Aspect=Imp|Mood=Ind|Number=Sing|Person=1|Tense=Pres|VerbForm=Fin|Voice=Act	_	_	_	@iav1984m-words#@iav1984m#137.764#138.001
58	/	/	PUNCT	_	_	_	_	_	@iav1984m-words#@iav1984m#138.001#138.238
59	и	и	PART	_	_	_	_	_	@iav1984m-words#@iav1984m#138.238#138.475
60	меня	я	PRON	_	Case=Acc|Number=Sing|Person=1	_	_	_	@iav1984m-words#@iav1984m#138.475#138.712
61	послали	послать	VERB	_	Aspect=Perf|Mood=Ind|Number=Plur|Tense=Past|VerbForm=Fin|Voice=Act	_	_	_	@iav1984m-words#@iav1984m#138.712#138.949
62	с	с	ADP	_	_	_	_	_	@iav1984m-words#@iav1984m#138.949#139.186
63	ведром	ведро	NOUN	_	Animacy=Inan|Case=Ins|Gender=Masc|Number=Sing	_	_	_	@iav1984m-words#@iav1984m#139.186#139.423
64	краски	краска	NOUN	_	Animacy=Inan|Case=Gen|Gender=Fem|Number=Sing	_	_	_	@iav1984m-words#@iav1984m#139.423#139.66
65	/	/	PUNCT	_	_	_	_	_	@iav1984m-words#@iav1984m#139.66#139.897
66	вот	вот	PART	_	_	_	_	_	@iav1984m-words#@iav1984m#139.897#140.134
67	я	я	PRON	_	Case=Nom|Number=Sing|Person=1	_	_	_	@iav1984m-words#@iav1984m#140.134#140.371
68	подхожу	подходить	VERB	_	Aspect=Imp|Mood=Ind|Number=Sing|Person=1|Tense=Pres|VerbForm=Fin|Voice=Act	_	_	_	@iav1984m-words#@iav1984m#140.371#140.608
69	/	/	PUNCT	_	_	_	_	_	@iav1984m-words#@iav1984m#140.608#140.845
70	чешу	чесать	VERB	_	Aspect=Imp|VerbForm=Fin|Voice=Act|Person=1|Mood = Ind	_	_	_	@iav1984m-words#@iav1984m#140.845#141.082
71	вот	вот	PART	_	_	_	_	_	@iav1984m-words#@iav1984m#141.082#141.319
72	так	так	ADV	_	Degree=Pos	_	_	_	@iav1984m-words#@iav1984m#141.319#141.556
73	вот	вот	PART	_	_	_	_	_	@iav1984m-words#@iav1984m#141.556#141.793
74	голову	голова	NOUN	_	Animacy=Inan|Case=Acc|Gender=Fem|Number=Sing	_	_	_	@iav1984m-words#@iav1984m#141.793#142.03
75	и	и	CCONJ	_	_	_	_	_	@iav1984m-words#@iav1984m#142.03#142.267
76	думаю	думать	VERB	_	Aspect=Imp|Mood=Ind|Number=Sing|Person=1|Tense=Pres|VerbForm=Fin|Voice=Act	_	_	_	@iav1984m-words#@iav1984m#142.267#142.504
77	/	/	PUNCT	_	_	_	_	_	@iav1984m-words#@iav1984m#142.504#142.741
78	эээ	эээ	INTJ	_	_	_	_	_	@iav1984m-words#@iav1984m#142.741#143.0
79	я	я	PRON	_	Case=Nom|Number=Sing|Person=1	_	_	_	@iav1984m-words#@iav1984m#143.68#144.045
80	щас	сейчас	VERB	_	Aspect=Perf|Gender=Masc|Mood=Ind|Number=Sing|Tense=Past|VerbForm=Fin|Voice=Act	_	_	_	@iav1984m-words#@iav1984m#144.045#144.41
81	закрашу	закрасить	VERB	_	Aspect=Imp|VerbForm=Fin|Voice=Act|Person=1|Mood = Ind	_	_	_	@iav1984m-words#@iav1984m#144.41#144.775
82	/	/	PUNCT	_	_	_	_	_	@iav1984m-words#@iav1984m#144.775#145.14
83	мм	мм	INTJ	_	_	_	_	_	@iav1984m-words#@iav1984m#145.14#145.505
84	/	/	PUNCT	_	_	_	_	_	@iav1984m-words#@iav1984m#145.505#145.87
85	вандализм	вандализм	NOUN	_	Animacy=Inan|Case=Nom|Gender=Masc|Number=Sing	_	_	_	@iav1984m-words#@iav1984m#145.87#146.24
86	или	или	CCONJ	_	_	_	_	_	@iav1984m-words#@iav1984m#146.66#146.963
87	я	я	PRON	_	Case=Nom|Number=Sing|Person=1	_	_	_	@iav1984m-words#@iav1984m#146.963#147.266
88	щас	сейчас	VERB	_	Aspect=Perf|Gender=Masc|Mood=Ind|Number=Sing|Tense=Past|VerbForm=Fin|Voice=Act	_	_	_	@iav1984m-words#@iav1984m#147.266#147.569
89	закрашу	закрасить	DET	_	Aspect=Imp|VerbForm=Fin|Voice=Act|Person=1|Mood = Ind	_	_	_	@iav1984m-words#@iav1984m#147.569#147.872
90	произведение	произведение	NOUN	_	Animacy=Inan|Case=Acc|Gender=Neut|Number=Sing	_	_	_	@iav1984m-words#@iav1984m#147.872#148.175
91	/	/	PUNCT	_	_	_	_	_	@iav1984m-words#@iav1984m#148.175#148.478
92	там	там	ADV	_	Degree=Pos	_	_	_	@iav1984m-words#@iav1984m#148.478#148.781
93	современного	современный	ADJ	_	Case=Gen|Degree=Pos|Gender=Masc|Number=Sing	_	_	_	@iav1984m-words#@iav1984m#148.781#149.084
94	художника	художник	NOUN	_	Animacy=Anim|Case=Gen|Gender=Masc|Number=Sing	_	_	_	@iav1984m-words#@iav1984m#149.084#149.387
95	?	?	PUNCT	_	_	_	_	_	@iav1984m-words#@iav1984m#149.387#149.69
96	подожди	подождать	VERB	_	Aspect=Perf|Mood=Imp|Number=Sing|Person=2|VerbForm=Fin|Voice=Act	_	_	_	@iav1984m-words#@iav1984m#153.52#153.798
97	[нрзб]	[нрзб]		_	_	_	_	_	@iav1984m-words#@iav1984m#153.798#154.076
98	ситуация	ситуация	NOUN	_	Animacy=Inan|Case=Nom|Gender=Fem|Number=Sing	_	_	_	@iav1984m-words#@iav1984m#154.076#154.354
99	каждый	каждый	DET	_	Case=Acc|Gender=Masc|Number=Sing	_	_	_	@iav1984m-words#@iav1984m#154.354#154.632
100	день	день	NOUN	_	Animacy=Inan|Case=Acc|Gender=Masc|Number=Sing	_	_	_	@iav1984m-words#@iav1984m#154.632#154.91
101	происходит	происходить	VERB	_	Aspect=Imp|Mood=Ind|Number=Sing|Person=3|Tense=Pres|VerbForm=Fin|Voice=Act	_	_	_	@iav1984m-words#@iav1984m#154.91#155.19
102	зритель	зритель	NOUN	_	Animacy=Anim|Case=Nom|Gender=Masc|Number=Sing	_	_	_	@iav1984m-words#@iav1984m#156.97#157.286
103	/	/	PUNCT	_	_	_	_	_	@iav1984m-words#@iav1984m#157.286#157.602
104	зритель	зритель	NOUN	_	Animacy=Anim|Case=Nom|Gender=Masc|Number=Sing	_	_	_	@iav1984m-words#@iav1984m#157.602#157.92
105	отототото	отототото	ADP	_	_	_	_	_	@iav1984m-words#@iav1984m#171.78#172.6
106	мм	мм	INTJ	_	_	_	_	_	@iav1984m-words#@iav1984m#175.29#175.7
107	вау	вау	INTJ	_	_	_	_	_	@iav1984m-words#@iav1984m#177.13#177.431
108	/	/	PUNCT	_	_	_	_	_	@iav1984m-words#@iav1984m#177.431#177.732
109	ладно	ладно	PART	_	_	_	_	_	@iav1984m-words#@iav1984m#177.732#178.033
110	давай	давать	VERB	_	Aspect=Imp|Mood=Imp|Number=Sing|Person=2|VerbForm=Fin|Voice=Act	_	_	_	@iav1984m-words#@iav1984m#178.033#178.334
111	так	так	ADV	_	Degree=Pos	_	_	_	@iav1984m-words#@iav1984m#178.334#178.635
112	/	/	PUNCT	_	_	_	_	_	@iav1984m-words#@iav1984m#178.635#178.936
113	в	в	ADP	_	_	_	_	_	@iav1984m-words#@iav1984m#178.936#179.237
114	Лондоне	Лондон	PROPN	_	Animacy=Inan|Case=Loc|Gender=Masc|Number=Sing	_	_	_	@iav1984m-words#@iav1984m#179.237#179.538
115	/	/	PUNCT	_	_	_	_	_	@iav1984m-words#@iav1984m#179.538#179.839
116	эээ	эээ	INTJ	_	_	_	_	_	@iav1984m-words#@iav1984m#179.839#180.14
117	/	/	PUNCT	_	_	_	_	_	@iav1984m-words#@iav1984m#180.14#180.441
118	стеклом	стекло	NOUN	_	Animacy=Inan|Case=Ins|Gender=Neut|Number=Sing	_	_	_	@iav1984m-words#@iav1984m#180.441#180.742
119	защитили	защитить	VERB	_	Aspect=Perf|Mood=Ind|Number=Plur|Tense=Past|VerbForm=Fin|Voice=Act	_	_	_	@iav1984m-words#@iav1984m#180.742#181.043
120	там	там	ADV	_	Degree=Pos	_	_	_	@iav1984m-words#@iav1984m#181.043#181.344
121	порядка	порядка	ADP	_	_	_	_	_	@iav1984m-words#@iav1984m#181.344#181.645
122	пяти	пять	NUM	_	Case=Gen	_	_	_	@iav1984m-words#@iav1984m#181.645#181.946
123	работ	работа	NOUN	_	Animacy=Inan|Case=Gen|Gender=Fem|Number=Plur	_	_	_	@iav1984m-words#@iav1984m#181.946#182.247
124	Бэнкси	Бэнкси	NOUN	_	Animacy=Inan|Case=Gen|Gender=Fem|Number=Sing	_	_	_	@iav1984m-words#@iav1984m#182.247#182.548
125	/	/	PUNCT	_	_	_	_	_	@iav1984m-words#@iav1984m#182.548#182.849
126	которые	который	PRON	_	Case=Nom	_	_	_	@iav1984m-words#@iav1984m#182.849#183.15
127	там	там	ADV	_	Degree=Pos	_	_	_	@iav1984m-words#@iav1984m#183.15#183.451
128	каким-то	какой-то	DET	_	Case=Ins|Gender=Neut|Number=Sing	_	_	_	@iav1984m-words#@iav1984m#183.451#183.752
129	чудом	чудо	NOUN	_	Animacy=Inan|Case=Ins|Gender=Neut|Number=Sing	_	_	_	@iav1984m-words#@iav1984m#183.752#184.053
130	остались	остаться	VERB	_	Aspect=Perf|Mood=Ind|Number=Plur|Tense=Past|VerbForm=Fin|Voice=Mid	_	_	_	@iav1984m-words#@iav1984m#184.053#184.37
131	вот	вот	PART	_	_	_	_	_	@iav1984m-words#@iav1984m#184.82#185.12
132	потому	потому	ADV	_	Degree=Pos	_	_	_	@iav1984m-words#@iav1984m#186.08#186.359
133	что	что	SCONJ	_	_	_	_	_	@iav1984m-words#@iav1984m#186.359#186.638
134	один	один	NUM	_	Animacy=Inan|Case=Acc|Gender=Masc	_	_	_	@iav1984m-words#@iav1984m#186.638#186.917
135	раз	раз	NOUN	_	Animacy=Inan|Case=Acc|Gender=Masc|Number=Sing	_	_	_	@iav1984m-words#@iav1984m#186.917#187.196
136	/	/	PUNCT	_	_	_	_	_	@iav1984m-words#@iav1984m#187.196#187.475
137	насколько	насколько	SCONJ	_	_	_	_	_	@iav1984m-words#@iav1984m#187.475#187.754
138	я	я	PRON	_	Case=Nom|Number=Sing|Person=1	_	_	_	@iav1984m-words#@iav1984m#187.754#188.033
139	помню	помнить	VERB	_	Aspect=Imp|Mood=Ind|Number=Sing|Person=1|Tense=Pres|VerbForm=Fin|Voice=Act	_	_	_	@iav1984m-words#@iav1984m#188.033#188.312
140	/	/	PUNCT	_	_	_	_	_	@iav1984m-words#@iav1984m#188.312#188.591
141	я	я	PRON	_	Case=Nom|Number=Sing|Person=1	_	_	_	@iav1984m-words#@iav1984m#188.591#188.87
142	не	не	PART	_	_	_	_	_	@iav1984m-words#@iav1984m#188.87#189.149
143	помню	помнить	VERB	_	Aspect=Imp|Mood=Ind|Number=Sing|Person=1|Tense=Pres|VerbForm=Fin|Voice=Act	_	_	_	@iav1984m-words#@iav1984m#189.149#189.428
144	точно	точно	ADV	_	Degree=Pos	_	_	_	@iav1984m-words#@iav1984m#189.428#189.707
145	какой	какой	DET	_	Case=Nom|Gender=Masc|Number=Sing	_	_	_	@iav1984m-words#@iav1984m#189.707#189.986
146	город	город	NOUN	_	Animacy=Inan|Case=Nom|Gender=Masc|Number=Sing	_	_	_	@iav1984m-words#@iav1984m#189.986#190.265
147	/	/	PUNCT	_	_	_	_	_	@iav1984m-words#@iav1984m#190.265#190.544
148	когда	когда	SCONJ	_	_	_	_	_	@iav1984m-words#@iav1984m#190.544#190.823
149	Бэнкси	Бэнкси	NOUN	_	Animacy=Inan|Case=Nom|Gender=Neut|Number=Plur	_	_	_	@iav1984m-words#@iav1984m#190.823#191.102
150	нарисовал	рисовать	VERB	_	Aspect=Perf|Gender=Masc|Mood=Ind|Number=Sing|Tense=Past|VerbForm=Fin|Voice=Act	_	_	_	@iav1984m-words#@iav1984m#191.102#191.381
151	про	про	ADP	_	_	_	_	_	@iav1984m-words#@iav1984m#191.381#191.66
152	ээ	ээ	INTJ	_	_	_	_	_	@iav1984m-words#@iav1984m#191.66#191.939
153	мигрантов	мигрант	NOUN	_	Animacy=Anim|Case=Gen|Gender=Masc|Number=Plur	_	_	_	@iav1984m-words#@iav1984m#191.939#192.218
154	какую-то	какой-то	DET	_	Case=Acc|Gender=Fem|Number=Sing	_	_	_	@iav1984m-words#@iav1984m#192.218#192.497
155	работу	работа	NOUN	_	Animacy=Inan|Case=Acc|Gender=Fem|Number=Sing	_	_	_	@iav1984m-words#@iav1984m#192.497#192.776
156	/	/	PUNCT	_	_	_	_	_	@iav1984m-words#@iav1984m#192.776#193.055
157	и	и	CCONJ	_	_	_	_	_	@iav1984m-words#@iav1984m#193.055#193.334
158	мэрия	мэрия	NOUN	_	Animacy=Inan|Case=Nom|Gender=Fem|Number=Sing	_	_	_	@iav1984m-words#@iav1984m#193.334#193.613
159	на	на	ADP	_	_	_	_	_	@iav1984m-words#@iav1984m#193.613#193.892
160	следующий	следующий	ADJ	_	Animacy=Inan|Case=Acc|Degree=Pos|Gender=Masc|Number=Sing	_	_	_	@iav1984m-words#@iav1984m#193.892#194.171
161	день	день	NOUN	_	Animacy=Inan|Case=Acc|Gender=Masc|Number=Sing	_	_	_	@iav1984m-words#@iav1984m#194.171#194.45
162	ее	она	PRON	_	Case=Acc|Gender=Fem|Number=Sing|Person=3	_	_	_	@iav1984m-words#@iav1984m#194.45#194.729
163	закрасила	красить	VERB	_	Aspect=Perf|Gender=Fem|Mood=Ind|Number=Sing|Tense=Past|VerbForm=Fin|Voice=Act	_	_	_	@iav1984m-words#@iav1984m#194.729#195.008
164	/	/	PUNCT	_	_	_	_	_	@iav1984m-words#@iav1984m#195.008#195.287
165	на	на	ADP	_	_	_	_	_	@iav1984m-words#@iav1984m#195.287#195.566
166	них	они	PRON	_	Case=Acc|Number=Plur|Person=3	_	_	_	@iav1984m-words#@iav1984m#195.566#195.845
167	все	все	PRON	_	Animacy=Inan|Case=Acc|Gender=Neut|Number=Sing	_	_	_	@iav1984m-words#@iav1984m#195.845#196.124
168	наехали	ехать	VERB	_	Aspect=Perf|Mood=Ind|Number=Plur|Tense=Past|VerbForm=Fin|Voice=Act	_	_	_	@iav1984m-words#@iav1984m#196.124#196.403
169	/	/	PUNCT	_	_	_	_	_	@iav1984m-words#@iav1984m#196.403#196.682
170	что	что	SCONJ	_	_	_	_	_	@iav1984m-words#@iav1984m#196.682#196.961
171	ээ	ээ	INTJ	_		_	_	_	@iav1984m-words#@iav1984m#196.961#197.24
172	вы	вы	PRON	_	Case=Nom|Number=Plur|Person=2	_	_	_	@iav1984m-words#@iav1984m#197.24#197.519
173	долбоебы	долбоеб	NOUN	_	Animacy=Inan|Case=Nom|Gender=Fem|Number=Sing	_	_	_	@iav1984m-words#@iav1984m#197.519#197.798
174	/	/	PUNCT	_	_	_	_	_	@iav1984m-words#@iav1984m#197.798#198.077
175	что	что	PRON	_	Case=Acc	_	_	_	@iav1984m-words#@iav1984m#198.077#198.356
176	вы	вы	PRON	_	Case=Nom|Number=Plur|Person=2	_	_	_	@iav1984m-words#@iav1984m#198.356#198.635
177	наделали	делать	VERB	_	Aspect=Perf|Mood=Ind|Number=Plur|Tense=Past|VerbForm=Fin|Voice=Act	_	_	_	@iav1984m-words#@iav1984m#198.635#198.914
178	вы	вы	PRON	_	Case=Nom|Number=Plur|Person=2	_	_	_	@iav1984m-words#@iav1984m#198.914#199.193
179	уничтожили	уничтожить	VERB	_	Aspect=Perf|Mood=Ind|Number=Plur|Tense=Past|VerbForm=Fin|Voice=Act	_	_	_	@iav1984m-words#@iav1984m#199.193#199.472
180	там	там	ADV	_	Degree=Pos	_	_	_	@iav1984m-words#@iav1984m#199.472#199.751
181	многомиллионное	многомиллионный	ADJ	_	Case=Acc|Degree=Pos|Gender=Neut|Number=Sing	_	_	_	@iav1984m-words#@iav1984m#199.751#200.03
182	это	это	PRON	_	Animacy=Inan|Case=Nom|Gender=Neut|Number=Sing	_	_	_	@iav1984m-words#@iav1984m#200.03#200.309
183	ээ	ээ	INTJ	_	_	_	_	_	@iav1984m-words#@iav1984m#200.309#200.588
184	цен..	цен..	INTJ	_	_	_	_	_	@iav1984m-words#@iav1984m#200.588#200.867
185	/	/	PUNCT	_	_	_	_	_	@iav1984m-words#@iav1984m#200.867#201.146
186	это	это	DET	_	Case=Acc|Gender=Neut|Number=Sing	_	_	_	@iav1984m-words#@iav1984m#201.146#201.425
187	искусство	искусство	NOUN	_	Animacy=Inan|Case=Acc|Gender=Neut|Number=Sing	_	_	_	@iav1984m-words#@iav1984m#201.425#201.704
188	уничтожили	уничтожить	VERB	_	Aspect=Perf|Mood=Ind|Number=Plur|Tense=Past|VerbForm=Fin|Voice=Act	_	_	_	@iav1984m-words#@iav1984m#201.704#201.983
189	/	/	PUNCT	_	_	_	_	_	@iav1984m-words#@iav1984m#201.983#202.262
190	и	и	CCONJ	_	_	_	_	_	@iav1984m-words#@iav1984m#202.262#202.541
191	они	они	PRON	_	Case=Nom|Number=Plur|Person=3	_	_	_	@iav1984m-words#@iav1984m#202.541#202.82
192	там	там	ADV	_	Degree=Pos	_	_	_	@iav1984m-words#@iav1984m#202.82#203.099
193	потом	потом	ADV	_	Degree=Pos	_	_	_	@iav1984m-words#@iav1984m#203.099#203.378
194	извинились	извиниться	VERB	_	Aspect=Perf|Mood=Ind|Number=Plur|Tense=Past|VerbForm=Fin|Voice=Mid	_	_	_	@iav1984m-words#@iav1984m#203.378#203.657
195	и	и	CCONJ	_	_	_	_	_	@iav1984m-words#@iav1984m#203.657#203.936
196	решили	решить	VERB	_	Aspect=Perf|Mood=Ind|Number=Plur|Tense=Past|VerbForm=Fin|Voice=Act	_	_	_	@iav1984m-words#@iav1984m#203.936#204.215
197	/	/	PUNCT	_	_	_	_	_	@iav1984m-words#@iav1984m#204.215#204.494
198	что	что	SCONJ	_	_	_	_	_	@iav1984m-words#@iav1984m#204.494#204.773
199	ладно	ладно	PART	_	_	_	_	_	@iav1984m-words#@iav1984m#204.773#205.052
200	ээ	ээ	INTJ	_	_	_	_	_	@iav1984m-words#@iav1984m#205.052#205.331
201	/	/	PUNCT	_	_	_	_	_	@iav1984m-words#@iav1984m#205.331#205.61
202	этого	этот	DET	_	Case=Gen|Gender=Masc|Number=Sing	_	_	_	@iav1984m-words#@iav1984m#205.61#205.889
203	чувака	чувак	NOUN	_	Animacy=Inan|Case=Gen|Gender=Masc|Number=Sing	_	_	_	@iav1984m-words#@iav1984m#205.889#206.168
204	что-то	что-то	PRON	_	Case=Acc	_	_	_	@iav1984m-words#@iav1984m#206.168#206.447
205	все	все	PRON	_	Animacy=Anim|Case=Nom|Number=Plur	_	_	_	@iav1984m-words#@iav1984m#206.447#206.726
206	любят	любить	VERB	_	Aspect=Imp|Mood=Ind|Number=Plur|Person=3|Tense=Pres|VerbForm=Fin|Voice=Act	_	_	_	@iav1984m-words#@iav1984m#206.726#207.005
207	/	/	PUNCT	_	_	_	_	_	@iav1984m-words#@iav1984m#207.005#207.284
208	оргстеклом	оргстекло	NOUN	_	Animacy=Inan|Case=Ins|Gender=Masc|Number=Sing	_	_	_	@iav1984m-words#@iav1984m#207.284#207.563
209	будем	быть	AUX	_	Aspect=Imp|Mood=Ind|Number=Plur|Person=1|Tense=Pres|VerbForm=Fin|Voice=Act	_	_	_	@iav1984m-words#@iav1984m#207.563#207.842
210	все	весь	DET	_	Case=Nom|Number=Plur	_	_	_	@iav1984m-words#@iav1984m#207.842#208.121
211	эти	этот	DET	_	Case=Nom|Number=Plur	_	_	_	@iav1984m-words#@iav1984m#208.121#208.4
212	работы	работа	NOUN	_	Animacy=Inan|Case=Nom|Gender=Fem|Number=Plur	_	_	_	@iav1984m-words#@iav1984m#208.4#208.679
213	защищать	защищать	VERB	_	Aspect=Imp|VerbForm=Inf|Voice=Act	_	_	_	@iav1984m-words#@iav1984m#208.679#208.96
214	но	но	CCONJ	_	_	_	_	_	@iav1984m-words#@iav1984m#209.25#209.644
215	больше	больше	ADV	_	Degree=Cmp	_	_	_	@iav1984m-words#@iav1984m#209.644#210.038
216	в	в	ADP	_	_	_	_	_	@iav1984m-words#@iav1984m#210.038#210.432
217	Лондоне	Лондон	PROPN	_	Animacy=Inan|Case=Loc|Gender=Masc|Number=Sing	_	_	_	@iav1984m-words#@iav1984m#210.432#210.826
218	ни	ни	CCONJ	_	_	_	_	_	@iav1984m-words#@iav1984m#210.826#211.22
219	одну	один	NUM	_	Case=Acc|Gender=Fem	_	_	_	@iav1984m-words#@iav1984m#211.22#211.614
220	работу	работа	NOUN	_	Animacy=Inan|Case=Acc|Gender=Fem|Number=Sing	_	_	_	@iav1984m-words#@iav1984m#211.614#212.008
221	никого	никто	PRON	_	Case=Gen	_	_	_	@iav1984m-words#@iav1984m#212.008#212.402
222	не	не	PART	_	_	_	_	_	@iav1984m-words#@iav1984m#212.402#212.796
223	защищают	защищать	VERB	_	Aspect=Imp|Mood=Ind|Number=Plur|Person=3|Tense=Pres|VerbForm=Fin|Voice=Act	_	_	_	@iav1984m-words#@iav1984m#212.796#213.19
224	если	если	SCONJ	_	_	_	_	_	@iav1984m-words#@iav1984m#213.46#213.745
225	ты	ты	PRON	_	Case=Nom|Number=Sing|Person=2	_	_	_	@iav1984m-words#@iav1984m#213.745#214.03
226	возьмешь	брать	VERB	_	Aspect=Imp|Mood=Ind|Number=Sing|Person=2|Tense=Pres|VerbForm=Fin|Voice=Act	_	_	_	@iav1984m-words#@iav1984m#214.03#214.315
227	там	там	ADV	_	Degree=Pos	_	_	_	@iav1984m-words#@iav1984m#214.315#214.6
228	/	/	PUNCT	_	_	_	_	_	@iav1984m-words#@iav1984m#214.6#214.885
229	эээ	эээ	INTJ	_	_	_	_	_	@iav1984m-words#@iav1984m#214.885#215.17
230	/	/	PUNCT	_	_	_	_	_	@iav1984m-words#@iav1984m#215.17#215.455
231	Шордич	Шордич	PROPN	_	Animacy=Anim|Case=Nom|Gender=Masc|Number=Sing	_	_	_	@iav1984m-words#@iav1984m#215.455#215.74
232	/	/	PUNCT	_	_	_	_	_	@iav1984m-words#@iav1984m#215.74#216.025
233	где	где	ADV	_	Degree=Pos	_	_	_	@iav1984m-words#@iav1984m#216.025#216.31
234	там	там	ADV	_	Degree=Pos	_	_	_	@iav1984m-words#@iav1984m#216.31#216.595
235	гм	гм	INTJ	_	_	_	_	_	@iav1984m-words#@iav1984m#216.595#216.88
236	на	на	ADP	_	_	_	_	_	@iav1984m-words#@iav1984m#216.88#217.165
237	каждой	каждый	DET	_	Case=Loc|Gender=Fem|Number=Sing	_	_	_	@iav1984m-words#@iav1984m#217.165#217.45
238	стене	стена	NOUN	_	Animacy=Inan|Case=Loc|Gender=Fem|Number=Sing	_	_	_	@iav1984m-words#@iav1984m#217.45#217.735
239	есть	быть	VERB	_	Aspect=Imp|Mood=Ind|Number=Plur|Person=3|Tense=Pres|VerbForm=Fin|Voice=Act	_	_	_	@iav1984m-words#@iav1984m#217.735#218.02
240	эээ	эээ	INTJ	_	_	_	_	_	@iav1984m-words#@iav1984m#218.02#218.305
241	с...	с..	INTJ	_	_	_	_	_	@iav1984m-words#@iav1984m#218.305#218.59
242	главные	главный	ADJ	_	Case=Nom|Degree=Pos|Number=Plur	_	_	_	@iav1984m-words#@iav1984m#218.59#218.875
243	вообще	вообще	ADV	_	Degree=Pos	_	_	_	@iav1984m-words#@iav1984m#218.875#219.16
244	мировые	мировой	ADJ	_	Case=Nom|Degree=Pos|Number=Plur	_	_	_	@iav1984m-words#@iav1984m#219.16#219.445
245	художники	художник	NOUN	_	Animacy=Anim|Case=Nom|Gender=Masc|Number=Plur	_	_	_	@iav1984m-words#@iav1984m#219.445#219.73
246	по	по	ADP	_	_	_	_	_	@iav1984m-words#@iav1984m#219.73#220.015
247	стритарту	стритарт	NOUN	_	Animacy=Inan|Case=Dat|Gender=Masc|Number=Sing	_	_	_	@iav1984m-words#@iav1984m#220.015#220.3
248	туда	туда	ADV	_	Degree=Pos	_	_	_	@iav1984m-words#@iav1984m#220.3#220.585
249	приходят	приходить	VERB	_	Aspect=Imp|Mood=Ind|Number=Plur|Person=3|Tense=Pres|VerbForm=Fin|Voice=Act	_	_	_	@iav1984m-words#@iav1984m#220.585#220.87
250	/	/	PUNCT	_	_	_	_	_	@iav1984m-words#@iav1984m#220.87#221.155
251	и	и	CCONJ	_	_	_	_	_	@iav1984m-words#@iav1984m#221.155#221.44
252	они	они	PRON	_	Case=Nom|Number=Plur|Person=3	_	_	_	@iav1984m-words#@iav1984m#221.44#221.725
253	там	там	ADV	_	Degree=Pos	_	_	_	@iav1984m-words#@iav1984m#221.725#222.01
254	/	/	PUNCT	_	_	_	_	_	@iav1984m-words#@iav1984m#222.01#222.295
255	эээ	эээ	INTJ	_	_	_	_	_	@iav1984m-words#@iav1984m#222.295#222.58
256	/	/	PUNCT	_	_	_	_	_	@iav1984m-words#@iav1984m#222.58#222.865
257	раз	раз	NOUN	_	Animacy=Inan|Case=Acc|Gender=Masc|Number=Sing	_	_	_	@iav1984m-words#@iav1984m#222.865#223.15
258	в	в	ADP	_	_	_	_	_	@iav1984m-words#@iav1984m#223.15#223.435
259	месяц	месяц	NOUN	_	Animacy=Inan|Case=Acc|Gender=Masc|Number=Sing	_	_	_	@iav1984m-words#@iav1984m#223.435#223.72
260	все	весь	DET	_	Case=Acc|Gender=Neut|Number=Sing	_	_	_	@iav1984m-words#@iav1984m#223.72#224.005
261	это	этот	DET	_	Case=Acc|Gender=Neut|Number=Sing	_	_	_	@iav1984m-words#@iav1984m#224.005#224.29
262	дело	дело	NOUN	_	Animacy=Inan|Case=Acc|Gender=Neut|Number=Sing	_	_	_	@iav1984m-words#@iav1984m#224.29#224.575
263	меняется	меняться	VERB	_	Aspect=Imp|Mood=Ind|Number=Sing|Person=3|Tense=Pres|VerbForm=Fin|Voice=Mid	_	_	_	@iav1984m-words#@iav1984m#224.575#224.86
264	/	/	PUNCT	_	_	_	_	_	@iav1984m-words#@iav1984m#224.86#225.145
265	никто	никто	PRON	_	Case=Nom	_	_	_	@iav1984m-words#@iav1984m#225.145#225.43
266	ничего	ничто	PRON	_	Case=Gen	_	_	_	@iav1984m-words#@iav1984m#225.43#225.715
267	конечно	конечно	ADV	_	Degree=Pos	_	_	_	@iav1984m-words#@iav1984m#225.715#226.0
268	не	не	PART	_	_	_	_	_	@iav1984m-words#@iav1984m#226.0#226.285
269	защищает	защищать	VERB	_	Aspect=Imp|Mood=Ind|Number=Sing|Person=3|Tense=Pres|VerbForm=Fin|Voice=Act	_	_	_	@iav1984m-words#@iav1984m#226.285#226.6
270	подожди	подожди	NOUN	_	Animacy=Inan|Case=Gen|Gender=Fem|Number=Sing	_	_	_	@iav1984m-words#@iav1984m#294.09#294.344
271	/	/	PUNCT	_	_	_	_	_	@iav1984m-words#@iav1984m#294.344#294.598
272	смотри	смотреть	VERB	_	Aspect=Imp|Mood=Imp|Number=Sing|Person=2|VerbForm=Fin|Voice=Act	_	_	_	@iav1984m-words#@iav1984m#294.598#294.852
273	/	/	PUNCT	_	_	_	_	_	@iav1984m-words#@iav1984m#294.852#295.106
274	давай	давать	VERB	_	Aspect=Imp|Mood=Imp|Number=Sing|Person=2|VerbForm=Fin|Voice=Act	_	_	_	@iav1984m-words#@iav1984m#295.106#295.36
275	так	так	ADV	_	Degree=Pos	_	_	_	@iav1984m-words#@iav1984m#295.36#295.614
276	/	/	PUNCT	_	_	_	_	_	@iav1984m-words#@iav1984m#295.614#295.868
277	стритарт	стритарт	NOUN	_	Animacy=Inan|Case=Nom|Gender=Masc|Number=Sing	_	_	_	@iav1984m-words#@iav1984m#295.868#296.122
278	изначально	изначально	ADV	_	Degree=Pos	_	_	_	@iav1984m-words#@iav1984m#296.122#296.376
279	это	это	PRON	_	Animacy=Inan|Case=Nom|Gender=Neut|Number=Sing	_	_	_	@iav1984m-words#@iav1984m#296.376#296.63
280	было	быть	AUX	_	Aspect=Imp|Gender=Neut|Mood=Ind|Number=Sing|Tense=Past|VerbForm=Fin|Voice=Act	_	_	_	@iav1984m-words#@iav1984m#296.63#296.884
281	нелегальное	нелегальный	ADJ	_	Case=Nom|Degree=Pos|Gender=Neut|Number=Sing	_	_	_	@iav1984m-words#@iav1984m#296.884#297.138
282	искусство	искусство	NOUN	_	Animacy=Inan|Case=Nom|Gender=Neut|Number=Sing	_	_	_	@iav1984m-words#@iav1984m#297.138#297.4
283	это	это	PRON	_	Animacy=Inan|Case=Nom|Gender=Neut|Number=Sing	_	_	_	@iav1984m-words#@iav1984m#297.87#298.21
284	был	быть	AUX	_	Aspect=Imp|Gender=Masc|Mood=Ind|Number=Sing|Tense=Past|VerbForm=Fin|Voice=Act	_	_	_	@iav1984m-words#@iav1984m#298.21#298.55
285	андеграунд	андеграунд	X	_	Foreign=Yes	_	_	_	@iav1984m-words#@iav1984m#298.55#298.89
286	и	и	CCONJ	_	_	_	_	_	@iav1984m-words#@iav1984m#299.35#299.7
287	тру	тру	X	_	Foreign=Yes	_	_	_	@iav1984m-words#@iav1984m#299.7#300.05
288	там	там	ADV	_	Degree=Pos	_	_	_	@iav1984m-words#@iav1984m#300.05#300.4
289	х...	х...	INTJ	_	_	_	_	_	@iav1984m-words#@iav1984m#300.4#300.75
290	художники	художник	NOUN	_	Animacy=Anim|Case=Nom|Gender=Masc|Number=Plur	_	_	_	@iav1984m-words#@iav1984m#300.75#301.1
291	/	/	PUNCT	_	_	_	_	_	@iav1984m-words#@iav1984m#301.1#301.45
292	они	они	PRON	_	Case=Nom|Number=Plur|Person=3	_	_	_	@iav1984m-words#@iav1984m#301.45#301.8
293	/	/	PUNCT	_	_	_	_	_	@iav1984m-words#@iav1984m#301.8#302.15
294	ээ	ээ	INTJ	_	_	_	_	_	@iav1984m-words#@iav1984m#302.15#302.5
295	/	/	PUNCT	_	_	_	_	_	@iav1984m-words#@iav1984m#302.5#302.85
296	крайне	крайне	ADV	_	Degree=Pos	_	_	_	@iav1984m-words#@iav1984m#302.85#303.2
297	там	там	ADV	_	Degree=Pos	_	_	_	@iav1984m-words#@iav1984m#303.2#303.55
298	против	против	ADP	_	_	_	_	_	@iav1984m-words#@iav1984m#303.55#303.9
299	вот	вот	PART	_	_	_	_	_	@iav1984m-words#@iav1984m#303.9#304.25
300	всего	весь	DET	_	Case=Gen|Gender=Neut|Number=Sing	_	_	_	@iav1984m-words#@iav1984m#304.25#304.6
301	этого	это	PRON	_	Animacy=Inan|Case=Gen|Gender=Neut|Number=Sing	_	_	_	@iav1984m-words#@iav1984m#304.6#304.95
302	коммерческого	коммерческий	ADJ	_	Case=Gen|Degree=Pos|Gender=Neut|Number=Sing	_	_	_	@iav1984m-words#@iav1984m#304.95#305.3
303	согласованного	согласовать	VERB	_	Aspect=Perf|Case=Gen|Gender=Neut|Number=Sing|Tense=Past|VerbForm=Part|Voice=Pass	_	_	_	@iav1984m-words#@iav1984m#305.3#305.65
304	прийти	прийти	VERB	_	Aspect=Perf|VerbForm=Inf|Voice=Act	_	_	_	@iav1984m-words#@iav1984m#305.65#306.0
305	/	/	PUNCT	_	_	_	_	_	@iav1984m-words#@iav1984m#306.0#306.35
306	и	и	CCONJ	_	_	_	_	_	@iav1984m-words#@iav1984m#306.35#306.7
307	я	я	PRON	_	Case=Nom|Number=Sing|Person=1	_	_	_	@iav1984m-words#@iav1984m#306.7#307.05
308	не	не	PART	_	_	_	_	_	@iav1984m-words#@iav1984m#307.05#307.4
309	знаю	знать	VERB	_	Aspect=Imp|Mood=Ind|Number=Sing|Person=1|Tense=Pres|VerbForm=Fin|Voice=Act	_	_	_	@iav1984m-words#@iav1984m#307.4#307.75
310	/	/	PUNCT	_	_	_	_	_	@iav1984m-words#@iav1984m#307.75#308.1
311	что-нибудь	что-нибудь	PRON	_	Case=Nom	_	_	_	@iav1984m-words#@iav1984m#308.1#308.45
312	там	там	ADV	_	Degree=Pos	_	_	_	@iav1984m-words#@iav1984m#308.45#308.8
313	на	на	ADP	_	_	_	_	_	@iav1984m-words#@iav1984m#308.8#309.15
314	/	/	PUNCT	_	_	_	_	_	@iav1984m-words#@iav1984m#309.15#309.5
315	эээ	эээ	INTJ	_	_	_	_	_	@iav1984m-words#@iav1984m#309.5#309.85
316	/	/	PUNCT	_	_	_	_	_	@iav1984m-words#@iav1984m#309.85#310.2
317	на	на	ADP	_	_	_	_	_	@iav1984m-words#@iav1984m#310.2#310.55
318	стене	стена	NOUN	_	Animacy=Inan|Case=Loc|Gender=Fem|Number=Sing	_	_	_	@iav1984m-words#@iav1984m#310.55#310.9
319	кремлевской	кремлевский	ADJ	_	Case=Gen|Degree=Pos|Gender=Fem|Number=Sing	_	_	_	@iav1984m-words#@iav1984m#310.9#311.25
320	там	там	ADV	_	Degree=Pos	_	_	_	@iav1984m-words#@iav1984m#311.25#311.6
321	/	/	PUNCT	_	_	_	_	_	@iav1984m-words#@iav1984m#311.6#311.95
322	ночью	ночь	NOUN	_	Animacy=Inan|Case=Ins|Gender=Fem|Number=Sing	_	_	_	@iav1984m-words#@iav1984m#311.95#312.3
323	сделать	делать	VERB	_	Aspect=Perf|VerbForm=Inf|Voice=Act	_	_	_	@iav1984m-words#@iav1984m#312.3#312.65
324	/	/	PUNCT	_	_	_	_	_	@iav1984m-words#@iav1984m#312.65#313.0
325	это	это	PRON	_	Animacy=Inan|Case=Nom|Gender=Neut|Number=Sing	_	_	_	@iav1984m-words#@iav1984m#313.0#313.35
326	круто	крутой	ADJ	_	Degree=Pos|Gender=Neut|Number=Sing|Variant=Short	_	_	_	@iav1984m-words#@iav1984m#313.35#313.71
327	вот	вот	PART	_	_	_	_	_	@iav1984m-words#@iav1984m#313.8#314.141
328	/	/	PUNCT	_	_	_	_	_	@iav1984m-words#@iav1984m#314.141#314.482
329	эээ	эээ	INTJ	_	_	_	_	_	@iav1984m-words#@iav1984m#314.482#314.823
330	/	/	PUNCT	_	_	_	_	_	@iav1984m-words#@iav1984m#314.823#315.164
331	а	а	CCONJ	_	_	_	_	_	@iav1984m-words#@iav1984m#315.164#315.505
332	по	по	ADP	_	_	_	_	_	@iav1984m-words#@iav1984m#315.505#315.846
333	догово...	договоренность	PROPN	_	Animacy=Anim|Case=Dat|Gender=Fem|Number=Sing	_	_	_	@iav1984m-words#@iav1984m#315.846#316.187
334	договоренности	договоренность	NOUN	_	Animacy=Inan|Case=Dat|Gender=Fem|Number=Sing	_	_	_	@iav1984m-words#@iav1984m#316.187#316.528
335	с	с	ADP	_	_	_	_	_	@iav1984m-words#@iav1984m#316.528#316.869
336	мэрией	мэрия	NOUN	_	Animacy=Inan|Case=Ins|Gender=Fem|Number=Sing	_	_	_	@iav1984m-words#@iav1984m#316.869#317.21
337	раскрасить	раскрасить	VERB	_	Aspect=Perf|VerbForm=Inf|Voice=Act	_	_	_	@iav1984m-words#@iav1984m#317.21#317.551
338	какой-нибудь	какой-нибудь	DET	_	Case=Acc|Gender=Masc|Number=Sing	_	_	_	@iav1984m-words#@iav1984m#317.551#317.892
339	торец	торец	NOUN	_	Animacy=Inan|Case=Acc|Gender=Masc|Number=Sing	_	_	_	@iav1984m-words#@iav1984m#317.892#318.233
340	дома	дом	ADV	_	Degree=Pos	_	_	_	@iav1984m-words#@iav1984m#318.233#318.574
341	/	/	PUNCT	_	_	_	_	_	@iav1984m-words#@iav1984m#318.574#318.915
342	это	это	PRON	_	Animacy=Inan|Case=Nom|Gender=Neut|Number=Sing	_	_	_	@iav1984m-words#@iav1984m#318.915#319.256
343	/	/	PUNCT	_	_	_	_	_	@iav1984m-words#@iav1984m#319.256#319.597
344	эээ	эээ	INTJ	_	_	_	_	_	@iav1984m-words#@iav1984m#319.597#319.938
345	/	/	PUNCT	_	_	_	_	_	@iav1984m-words#@iav1984m#319.938#320.279
346	любой	любой	DET	_	Case=Nom|Gender=Masc|Number=Sing	_	_	_	@iav1984m-words#@iav1984m#320.279#320.62
347	сможет	мочь	VERB	_	Aspect=Perf|Mood=Ind|Number=Sing|Person=3|Tense=Fut|VerbForm=Fin|Voice=Act	_	_	_	@iav1984m-words#@iav1984m#320.62#320.98
348	это	это	PRON	_	Animacy=Inan|Case=Nom|Gender=Neut|Number=Sing	_	_	_	@asp1991m-words#@asp1991m#4.52#4.746
349	очень	очень	ADV	_	Degree=Pos	_	_	_	@asp1991m-words#@asp1991m#4.746#4.972
350	/	/	PUNCT	_	_	_	_	_	@asp1991m-words#@asp1991m#4.972#5.198
351	в...	в...	INTJ	_	_	_	_	_	@asp1991m-words#@asp1991m#5.198#5.424
352	зависело	зависеть	VERB	_	Aspect=Perf|Gender=Neut|Mood=Ind|Number=Sing|Tense=Past|VerbForm=Fin|Voice=Act	_	_	_	@asp1991m-words#@asp1991m#5.424#5.65
353	от	от	ADP	_	_	_	_	_	@asp1991m-words#@asp1991m#5.65#5.876
354	времени	время	NOUN	_	Animacy=Inan|Case=Gen|Gender=Neut|Number=Sing	_	_	_	@asp1991m-words#@asp1991m#5.876#6.102
355	/	/	PUNCT	_	_	_	_	_	@asp1991m-words#@asp1991m#6.102#6.328
356	потому	потому	ADV	_	Degree=Pos	_	_	_	@asp1991m-words#@asp1991m#6.328#6.554
357	что	что	SCONJ	_	_	_	_	_	@asp1991m-words#@asp1991m#6.554#6.78
358	этот	этот	DET	_	Case=Nom|Gender=Masc|Number=Sing	_	_	_	@asp1991m-words#@asp1991m#6.78#7.006
359	ээ	ээ	INTJ	_	_	_	_	_	@asp1991m-words#@asp1991m#7.006#7.232
360	квадрат	квадрат	NOUN	_	Animacy=Anim|Case=Nom|Gender=Masc|Number=Sing	_	_	_	@asp1991m-words#@asp1991m#7.232#7.458
361	сделан	делать	VERB	_	Aspect=Perf|Gender=Masc|Number=Sing|Tense=Past|Variant=Short|VerbForm=Part|Voice=Pass	_	_	_	@asp1991m-words#@asp1991m#7.458#7.684
362	или	или	CCONJ	_	_	_	_	_	@asp1991m-words#@asp1991m#7.684#7.91
363	в	в	ADP	_	_	_	_	_	@asp1991m-words#@asp1991m#7.91#8.136
364	15	15	NUM	_	_	_	_	_	@asp1991m-words#@asp1991m#8.136#8.362
365	или	или	CCONJ	_	_	_	_	_	@asp1991m-words#@asp1991m#8.362#8.588
366	в	в	ADP	_	_	_	_	_	@asp1991m-words#@asp1991m#8.588#8.814
367	17	17	NUM	_	_	_	_	_	@asp1991m-words#@asp1991m#8.814#9.04
368	году	год	NOUN	_	Animacy=Inan|Case=Loc|Gender=Masc|Number=Sing	_	_	_	@asp1991m-words#@asp1991m#9.04#9.266
369	/	/	PUNCT	_	_	_	_	_	@asp1991m-words#@asp1991m#9.266#9.492
370	я	я	PRON	_	Case=Nom|Number=Sing|Person=1	_	_	_	@asp1991m-words#@asp1991m#9.492#9.718
371	сейчас	сейчас	ADV	_	Degree=Pos	_	_	_	@asp1991m-words#@asp1991m#9.718#9.944
372	точно	точно	ADV	_	Degree=Pos	_	_	_	@asp1991m-words#@asp1991m#9.944#10.17
373	тебе	ты	PRON	_	Case=Dat|Number=Sing|Person=2	_	_	_	@asp1991m-words#@asp1991m#10.17#10.396
374	не	не	PART	_	_	_	_	_	@asp1991m-words#@asp1991m#10.396#10.622
375	скажу	сказать	VERB	_	Aspect=Perf|Mood=Ind|Number=Sing|Person=1|Tense=Fut|VerbForm=Fin|Voice=Act	_	_	_	@asp1991m-words#@asp1991m#10.622#10.87
376	тогда	тогда	ADV	_	Degree=Pos	_	_	_	@asp1991m-words#@asp1991m#11.35#11.71
377	все	все	PART	_	_	_	_	_	@asp1991m-words#@asp1991m#11.71#12.07
378	еще	еще	ADV	_	Degree=Pos	_	_	_	@asp1991m-words#@asp1991m#12.07#12.43
379	была	быть	AUX	_	Aspect=Imp|Gender=Fem|Mood=Ind|Number=Sing|Tense=Past|VerbForm=Fin|Voice=Act	_	_	_	@asp1991m-words#@asp1991m#12.43#12.79
380	/	/	PUNCT	_	_	_	_	_	@asp1991m-words#@asp1991m#12.79#13.15
381	эпоха	эпоха	NOUN	_	Animacy=Inan|Case=Nom|Gender=Fem|Number=Sing	_	_	_	@asp1991m-words#@asp1991m#13.15#13.51
382	модерна	модерн	NOUN	_	Animacy=Inan|Case=Gen|Gender=Masc|Number=Sing	_	_	_	@asp1991m-words#@asp1991m#13.51#13.87
383	/	/	PUNCT	_	_	_	_	_	@asp1991m-words#@asp1991m#13.87#14.23
384	и	и	CCONJ	_	_	_	_	_	@asp1991m-words#@asp1991m#14.23#14.59
385	за	за	ADP	_	_	_	_	_	@asp1991m-words#@asp1991m#14.59#14.95
386	счет	счет	NOUN	_	Animacy=Inan|Case=Acc|Gender=Masc|Number=Sing	_	_	_	@asp1991m-words#@asp1991m#14.95#15.31
387	модерна	модерный	NOUN	_	Animacy=Inan|Case=Gen|Gender=Masc|Number=Sing	_	_	_	@asp1991m-words#@asp1991m#15.31#15.67
388	искусство	искусство	NOUN	_	Animacy=Inan|Case=Nom|Gender=Neut|Number=Sing	_	_	_	@asp1991m-words#@asp1991m#15.67#16.03
389	было	быть	AUX	_	Aspect=Imp|Gender=Neut|Mood=Ind|Number=Sing|Tense=Past|VerbForm=Fin|Voice=Act	_	_	_	@asp1991m-words#@asp1991m#16.03#16.39
390	более	более	ADV	_	Degree=Cmp	_	_	_	@asp1991m-words#@asp1991m#16.39#16.75
391	менее	менее	ADV	_	Degree=Cmp	_	_	_	@asp1991m-words#@asp1991m#16.75#17.11
392	таким	такой	DET	_	Case=Ins|Gender=Masc|Number=Sing	_	_	_	@asp1991m-words#@asp1991m#17.11#17.47
393	/	/	PUNCT	_	_	_	_	_	@asp1991m-words#@asp1991m#17.47#17.83
394	знаешь	знать	VERB	_	Aspect=Imp|Mood=Ind|Number=Sing|Person=2|Tense=Pres|VerbForm=Fin|Voice=Act	_	_	_	@asp1991m-words#@asp1991m#17.83#18.19
395	/	/	PUNCT	_	_	_	_	_	@asp1991m-words#@asp1991m#18.19#18.55
396	живописным	живописный	ADJ	_	Case=Ins|Degree=Pos|Gender=Neut|Number=Sing	_	_	_	@asp1991m-words#@asp1991m#18.55#18.91
397	и	и	CCONJ	_	_	_	_	_	@asp1991m-words#@asp1991m#18.91#19.27
398	так	так	ADV	_	Degree=Pos	_	_	_	@asp1991m-words#@asp1991m#19.27#19.63
399	далее	далее	ADV	_	Degree=Pos	_	_	_	@asp1991m-words#@asp1991m#19.63#20.01
400	поэтому	поэтому	ADV	_	Degree=Pos	_	_	_	@asp1991m-words#@asp1991m#20.38#20.731
401	первое	первый	ADJ	_	Case=Nom|Degree=Pos|Gender=Neut|Number=Sing	_	_	_	@asp1991m-words#@asp1991m#20.731#21.082
402	/	/	PUNCT	_	_	_	_	_	@asp1991m-words#@asp1991m#21.082#21.433
403	что	что	PRON	_	Case=Acc	_	_	_	@asp1991m-words#@asp1991m#21.433#21.784
404	пытались	пытаться	VERB	_	Aspect=Imp|Mood=Ind|Number=Plur|Tense=Past|VerbForm=Fin|Voice=Mid	_	_	_	@asp1991m-words#@asp1991m#21.784#22.135
405	сделать	делать	VERB	_	Aspect=Perf|VerbForm=Inf|Voice=Act	_	_	_	@asp1991m-words#@asp1991m#22.135#22.486
406	художники	художник	NOUN	_	Animacy=Anim|Case=Nom|Gender=Masc|Number=Plur	_	_	_	@asp1991m-words#@asp1991m#22.486#22.837
407	условно	условно	ADV	_	Degree=Pos	_	_	_	@asp1991m-words#@asp1991m#22.837#23.188
408	новой	новый	ADJ	_	Case=Gen|Degree=Pos|Gender=Fem|Number=Sing	_	_	_	@asp1991m-words#@asp1991m#23.188#23.539
409	волны	волна	NOUN	_	Animacy=Inan|Case=Gen|Gender=Fem|Number=Sing	_	_	_	@asp1991m-words#@asp1991m#23.539#23.89
410	авангард	авангард	NOUN	_	Animacy=Inan|Case=Gen|Gender=Fem|Number=Plur	_	_	_	@asp1991m-words#@asp1991m#24.14#24.477
411	это	это	PRON	_	Animacy=Inan|Case=Nom|Gender=Neut|Number=Sing	_	_	_	@asp1991m-words#@asp1991m#24.477#24.814
412	первый	первый	ADJ	_	Case=Nom|Degree=Pos|Gender=Masc|Number=Sing	_	_	_	@asp1991m-words#@asp1991m#24.814#25.151
413	отряд	отряд	NOUN	_	Animacy=Inan|Case=Nom|Gender=Masc|Number=Sing	_	_	_	@asp1991m-words#@asp1991m#25.151#25.49
414	это	этот	PRON	_	Animacy=Inan|Case=Acc|Gender=Neut|Number=Sing	_	_	_	@asp1991m-words#@asp1991m#25.64#25.892
415	люди	человек	NOUN	_	Animacy=Anim|Case=Nom|Gender=Masc|Number=Plur	_	_	_	@asp1991m-words#@asp1991m#25.892#26.144
416	которые	который	PRON	_	Case=Nom	_	_	_	@asp1991m-words#@asp1991m#26.144#26.396
417	идут	идти	VERB	_	Aspect=Imp|Mood=Ind|Number=Plur|Person=3|Tense=Pres|VerbForm=Fin|Voice=Act	_	_	_	@asp1991m-words#@asp1991m#26.396#26.648
418	вообще	вообще	ADV	_	Degree=Pos	_	_	_	@asp1991m-words#@asp1991m#26.648#26.9
419	впереди	впереди	ADV	_	Degree=Pos	_	_	_	@asp1991m-words#@asp1991m#26.9#27.152
420	всех	весь	DET	_	Case=Gen|Number=Plur	_	_	_	@asp1991m-words#@asp1991m#27.152#27.41
421	они	они	PRON	_	Case=Nom|Number=Plur|Person=3	_	_	_	@asp1991m-words#@asp1991m#27.73#28.047
422	пытались	пытаться	VERB	_	Aspect=Imp|Mood=Ind|Number=Plur|Tense=Past|VerbForm=Fin|Voice=Mid	_	_	_	@asp1991m-words#@asp1991m#28.047#28.364
423	сломать	ломать	VERB	_	Aspect=Perf|VerbForm=Inf|Voice=Act	_	_	_	@asp1991m-words#@asp1991m#28.364#28.681
424	восприятие	восприятие	NOUN	_	Animacy=Inan|Case=Acc|Gender=Neut|Number=Sing	_	_	_	@asp1991m-words#@asp1991m#28.681#28.998
425	людей	человек	NOUN	_	Animacy=Anim|Case=Gen|Gender=Masc|Number=Plur	_	_	_	@asp1991m-words#@asp1991m#28.998#29.315
426	/	/	PUNCT	_	_	_	_	_	@asp1991m-words#@asp1991m#29.315#29.632
427	что	что	PRON	_	Case=Nom	_	_	_	@asp1991m-words#@asp1991m#29.632#29.949
428	такое	такой	DET	_	Case=Nom|Gender=Neut|Number=Sing	_	_	_	@asp1991m-words#@asp1991m#29.949#30.266
429	форма	форма	NOUN	_	Animacy=Inan|Case=Nom|Gender=Fem|Number=Sing	_	_	_	@asp1991m-words#@asp1991m#30.266#30.583
430	и	и	CCONJ	_	_	_	_	_	@asp1991m-words#@asp1991m#30.583#30.9
431	как	как	SCONJ	_	_	_	_	_	@asp1991m-words#@asp1991m#30.9#31.217
432	она	она	PRON	_	Case=Nom|Gender=Fem|Number=Sing|Person=3	_	_	_	@asp1991m-words#@asp1991m#31.217#31.534
433	должна	должен	ADJ	_	Degree=Pos|Gender=Fem|Number=Sing|Variant=Short	_	_	_	@asp1991m-words#@asp1991m#31.534#31.851
434	выглядеть	выглядеть	VERB	_	Aspect=Perf|VerbForm=Inf|Voice=Act	_	_	_	@asp1991m-words#@asp1991m#31.851#32.18
435	и	и	PART	_	_	_	_	_	@asp1991m-words#@asp1991m#32.53#32.863
436	Малевич	Малевич	PROPN	_	Animacy=Inan|Case=Acc|Gender=Masc|Number=Sing	_	_	_	@asp1991m-words#@asp1991m#32.863#33.196
437	в	в	ADP	_	_	_	_	_	@asp1991m-words#@asp1991m#33.196#33.529
438	своих	свой	DET	_	Case=Loc|Number=Plur	_	_	_	@asp1991m-words#@asp1991m#33.529#33.862
439	экспериментах	эксперимент	NOUN	_	Animacy=Inan|Case=Loc|Gender=Masc|Number=Plur	_	_	_	@asp1991m-words#@asp1991m#33.862#34.195
440	/	/	PUNCT	_	_	_	_	_	@asp1991m-words#@asp1991m#34.195#34.528
441	он	он	PRON	_	Case=Nom|Gender=Masc|Number=Sing|Person=3	_	_	_	@asp1991m-words#@asp1991m#34.528#34.861
442	пытался	пытаться	VERB	_	Aspect=Imp|Gender=Masc|Mood=Ind|Number=Sing|Tense=Past|VerbForm=Fin|Voice=Mid	_	_	_	@asp1991m-words#@asp1991m#34.861#35.194
443	показать	показать	VERB	_	Aspect=Perf|VerbForm=Inf|Voice=Act	_	_	_	@asp1991m-words#@asp1991m#35.194#35.527
444	ноль	нуль	NOUN	_	Animacy=Inan|Case=Acc|Gender=Masc|Number=Sing	_	_	_	@asp1991m-words#@asp1991m#35.527#35.86
445	форм	форма	NOUN	_	Animacy=Inan|Case=Gen|Gender=Fem|Number=Plur	_	_	_	@asp1991m-words#@asp1991m#35.86#36.2
446	что	что	PRON	_	Case=Nom	_	_	_	@asp1991m-words#@asp1991m#36.7#37.037
447	такое	такой	DET	_	Case=Nom|Gender=Neut|Number=Sing	_	_	_	@asp1991m-words#@asp1991m#37.037#37.374
448	ноль	нуль	NOUN	_	Animacy=Inan|Case=Nom|Gender=Fem|Number=Sing	_	_	_	@asp1991m-words#@asp1991m#37.374#37.711
449	форм	форма	NOUN	_	Animacy=Inan|Case=Gen|Gender=Fem|Number=Plur	_	_	_	@asp1991m-words#@asp1991m#37.711#38.048
450	для	для	ADP	_	_	_	_	_	@asp1991m-words#@asp1991m#38.048#38.385
451	человеческого	человеческий	ADJ	_	Case=Gen|Degree=Pos|Gender=Masc|Number=Sing	_	_	_	@asp1991m-words#@asp1991m#38.385#38.722
452	глаза	глаз	NOUN	_	Animacy=Inan|Case=Gen|Gender=Masc|Number=Sing	_	_	_	@asp1991m-words#@asp1991m#38.722#39.059
453	?	?	PUNCT	_	_	_	_	_	@asp1991m-words#@asp1991m#39.059#39.4
454	вот	вот	PART	_	_	_	_	_	@asp1991m-words#@asp1991m#39.83#40.137
455	ноль	нуль	NOUN	_	Animacy=Inan|Case=Acc|Gender=Masc|Number=Sing	_	_	_	@asp1991m-words#@asp1991m#40.137#40.444
456	форм	форма	NOUN	_	Animacy=Inan|Case=Gen|Gender=Fem|Number=Plur	_	_	_	@asp1991m-words#@asp1991m#40.444#40.751
457	он	он	PRON	_	Case=Nom|Gender=Masc|Number=Sing|Person=3	_	_	_	@asp1991m-words#@asp1991m#40.751#41.058
458	изобразил	изобразить	VERB	_	Aspect=Perf|Gender=Masc|Mood=Ind|Number=Sing|Tense=Past|VerbForm=Fin|Voice=Act	_	_	_	@asp1991m-words#@asp1991m#41.058#41.365
459	в	в	ADP	_	_	_	_	_	@asp1991m-words#@asp1991m#41.365#41.672
460	черном	черный	ADJ	_	Case=Loc|Degree=Pos|Gender=Masc|Number=Sing	_	_	_	@asp1991m-words#@asp1991m#41.672#41.979
461	квадрате	квадрат	NOUN	_	Animacy=Inan|Case=Loc|Gender=Masc|Number=Sing	_	_	_	@asp1991m-words#@asp1991m#41.979#42.29
462	он	он	PRON	_	Case=Nom|Gender=Masc|Number=Sing|Person=3	_	_	_	@asp1991m-words#@asp1991m#42.57#42.868
463	к	к	ADP	_	_	_	_	_	@asp1991m-words#@asp1991m#42.868#43.166
464	этому	это	PRON	_	Animacy=Inan|Case=Dat|Gender=Neut|Number=Sing	_	_	_	@asp1991m-words#@asp1991m#43.166#43.464
465	шел	идти	VERB	_	Aspect=Imp|Gender=Masc|Mood=Ind|Number=Sing|Tense=Past|VerbForm=Fin|Voice=Act	_	_	_	@asp1991m-words#@asp1991m#43.464#43.762
466	теоретически	теоретически	ADV	_	Degree=Pos	_	_	_	@asp1991m-words#@asp1991m#43.762#44.06
467	и	и	CCONJ	_	_	_	_	_	@asp1991m-words#@asp1991m#44.26#44.579
468	как	как	SCONJ	_	_	_	_	_	@asp1991m-words#@asp1991m#44.579#44.898
469	только	только	PART	_	_	_	_	_	@asp1991m-words#@asp1991m#44.898#45.217
470	он	он	PRON	_	Case=Nom|Gender=Masc|Number=Sing|Person=3	_	_	_	@asp1991m-words#@asp1991m#45.217#45.536
471	теоретически	теоретически	ADV	_	Degree=Pos	_	_	_	@asp1991m-words#@asp1991m#45.536#45.855
472	это	это	PRON	_	Animacy=Inan|Case=Acc|Gender=Neut|Number=Sing	_	_	_	@asp1991m-words#@asp1991m#45.855#46.174
473	обосновал	обосновать	VERB	_	Aspect=Perf|Gender=Masc|Mood=Ind|Number=Sing|Tense=Past|VerbForm=Fin|Voice=Act	_	_	_	@asp1991m-words#@asp1991m#46.174#46.493
474	/	/	PUNCT	_	_	_	_	_	@asp1991m-words#@asp1991m#46.493#46.812
475	в	в	ADP	_	_	_	_	_	@asp1991m-words#@asp1991m#46.812#47.131
476	мировом	мировой	ADJ	_	Case=Loc|Degree=Pos|Gender=Neut|Number=Sing	_	_	_	@asp1991m-words#@asp1991m#47.131#47.45
477	искусстве	искусство	NOUN	_	Animacy=Inan|Case=Loc|Gender=Neut|Number=Sing	_	_	_	@asp1991m-words#@asp1991m#47.45#47.769
478	это	этот	PRON	_	Animacy=Inan|Case=Nom|Gender=Neut|Number=Sing	_	_	_	@asp1991m-words#@asp1991m#47.769#48.088
479	людей	человек	NOUN	_	Animacy=Anim|Case=Gen|Gender=Masc|Number=Plur	_	_	_	@asp1991m-words#@asp1991m#48.088#48.407
480	реально	реально	ADV	_	Degree=Pos	_	_	_	@asp1991m-words#@asp1991m#48.407#48.726
481	тряхнуло	тряхнуть	VERB	_	Aspect=Perf|Gender=Neut|Mood=Ind|Number=Sing|Tense=Past|VerbForm=Fin|Voice=Mid	_	_	_	@asp1991m-words#@asp1991m#48.726#49.05
482	потому	потому	ADV	_	Degree=Pos	_	_	_	@asp1991m-words#@asp1991m#49.31#49.616
483	что	что	SCONJ	_	_	_	_	_	@asp1991m-words#@asp1991m#49.616#49.922
484	они	они	PRON	_	Case=Nom|Number=Plur|Person=3	_	_	_	@asp1991m-words#@asp1991m#49.922#50.228
485	поняли	понять	VERB	_	Aspect=Perf|Mood=Ind|Number=Plur|Tense=Past|VerbForm=Fin|Voice=Act	_	_	_	@asp1991m-words#@asp1991m#50.228#50.534
486	о	о	ADP	_	_	_	_	_	@asp1991m-words#@asp1991m#50.534#50.84
487	чем	что	PRON	_	Case=Loc	_	_	_	@asp1991m-words#@asp1991m#50.84#51.146
488	он	он	PRON	_	Case=Nom|Gender=Masc|Number=Sing|Person=3	_	_	_	@asp1991m-words#@asp1991m#51.146#51.452
489	говорил	говорить	VERB	_	Aspect=Imp|Gender=Masc|Mood=Ind|Number=Sing|Tense=Past|VerbForm=Fin|Voice=Act	_	_	_	@asp1991m-words#@asp1991m#51.452#51.758
490	/	/	PUNCT	_	_	_	_	_	@asp1991m-words#@asp1991m#51.758#52.064
491	не	не	PART	_	_	_	_	_	@asp1991m-words#@asp1991m#52.064#52.37
492	потому	потому	ADV	_	Degree=Pos	_	_	_	@asp1991m-words#@asp1991m#52.37#52.676
493	что	что	SCONJ	_	_	_	_	_	@asp1991m-words#@asp1991m#52.676#52.982
494	они	они	PRON	_	Case=Nom|Number=Plur|Person=3	_	_	_	@asp1991m-words#@asp1991m#52.982#53.288
495	сказали	сказать	VERB	_	Aspect=Perf|Mood=Ind|Number=Plur|Tense=Past|VerbForm=Fin|Voice=Act	_	_	_	@asp1991m-words#@asp1991m#53.288#53.594
496	блин	блин	NOUN	_	Animacy=Inan|Case=Acc|Gender=Masc|Number=Sing	_	_	_	@asp1991m-words#@asp1991m#53.594#53.9
497	/	/	PUNCT	_	_	_	_	_	@asp1991m-words#@asp1991m#53.9#54.206
498	прикольно	прикольно	ADV	_	Degree=Pos	_	_	_	@asp1991m-words#@asp1991m#54.206#54.512
499	/	/	PUNCT	_	_	_	_	_	@asp1991m-words#@asp1991m#54.512#54.818
500	клевая	клевать	ADJ	_	Case=Nom|Degree=Pos|Gender=Fem|Number=Sing	_	_	_	@asp1991m-words#@asp1991m#54.818#55.124
501	идея	идея	NOUN	_	Animacy=Inan|Case=Nom|Gender=Fem|Number=Sing	_	_	_	@asp1991m-words#@asp1991m#55.124#55.43
502	геометрия	геометрия	NOUN	_	Animacy=Inan|Case=Gen|Gender=Masc|Number=Sing	_	_	_	@asp1991m-words#@asp1991m#55.43#55.74
503	а	а	CCONJ	_	_	_	_	_	@asp1991m-words#@asp1991m#56.01#56.287
504	потому	потому	ADV	_	Degree=Pos	_	_	_	@asp1991m-words#@asp1991m#56.287#56.564
505	что	что	SCONJ	_	_	_	_	_	@asp1991m-words#@asp1991m#56.564#56.841
506	он	он	PRON	_	Case=Nom|Gender=Masc|Number=Sing|Person=3	_	_	_	@asp1991m-words#@asp1991m#56.841#57.118
507	концептуально	концептуально	ADV	_	Degree=Pos	_	_	_	@asp1991m-words#@asp1991m#57.118#57.395
508	так	так	ADV	_	Degree=Pos	_	_	_	@asp1991m-words#@asp1991m#57.395#57.672
509	все	все	PRON	_	Animacy=Inan|Case=Acc|Gender=Neut|Number=Sing	_	_	_	@asp1991m-words#@asp1991m#57.672#57.949
510	обосновал	обосновать	VERB	_	Aspect=Perf|Gender=Masc|Mood=Ind|Number=Sing|Tense=Past|VerbForm=Fin|Voice=Act	_	_	_	@asp1991m-words#@asp1991m#57.949#58.226
511	/	/	PUNCT	_	_	_	_	_	@asp1991m-words#@asp1991m#58.226#58.503
512	описал	описать	VERB	_	Aspect=Perf|Gender=Masc|Mood=Ind|Number=Sing|Tense=Past|VerbForm=Fin|Voice=Act	_	_	_	@asp1991m-words#@asp1991m#58.503#58.78
513	и	и	CCONJ	_	_	_	_	_	@asp1991m-words#@asp1991m#58.78#59.057
514	так	так	ADV	_	Degree=Pos	_	_	_	@asp1991m-words#@asp1991m#59.057#59.334
515	далее	далее	ADV	_	Degree=Pos	_	_	_	@asp1991m-words#@asp1991m#59.334#59.611
516	/	/	PUNCT	_	_	_	_	_	@asp1991m-words#@asp1991m#59.611#59.888
517	что	что	SCONJ	_	_	_	_	_	@asp1991m-words#@asp1991m#59.888#60.165
518	они	они	PRON	_	Case=Nom|Number=Plur|Person=3	_	_	_	@asp1991m-words#@asp1991m#60.165#60.442
519	смогли	мочь	VERB	_	Aspect=Perf|Mood=Ind|Number=Plur|Tense=Past|VerbForm=Fin|Voice=Act	_	_	_	@asp1991m-words#@asp1991m#60.442#60.719
520	прочесть	прочесть	VERB	_	Aspect=Perf|VerbForm=Inf|Voice=Act	_	_	_	@asp1991m-words#@asp1991m#60.719#60.996
521	его	он	DET	_	_	_	_	_	@asp1991m-words#@asp1991m#60.996#61.273
522	концепцию	концепция	NOUN	_	Animacy=Inan|Case=Acc|Gender=Fem|Number=Sing	_	_	_	@asp1991m-words#@asp1991m#61.273#61.56
523	и	и	CCONJ	_	_	_	_	_	@asp1991m-words#@asp1991m#61.81#62.214
524	это	это	PRON	_	Animacy=Inan|Case=Nom|Gender=Neut|Number=Sing	_	_	_	@asp1991m-words#@asp1991m#62.214#62.618
525	позволило	позволить	VERB	_	Aspect=Perf|Gender=Neut|Mood=Ind|Number=Sing|Tense=Past|VerbForm=Fin|Voice=Act	_	_	_	@asp1991m-words#@asp1991m#62.618#63.022
526	другим	другой	ADJ	_	Case=Dat|Degree=Pos|Number=Plur	_	_	_	@asp1991m-words#@asp1991m#63.022#63.426
527	людям	человек	NOUN	_	Animacy=Anim|Case=Dat|Gender=Masc|Number=Plur	_	_	_	@asp1991m-words#@asp1991m#63.426#63.83
528	создавать	создавать	VERB	_	Aspect=Imp|VerbForm=Inf|Voice=Act	_	_	_	@asp1991m-words#@asp1991m#63.83#64.234
529	вещи	вещь	NOUN	_	Animacy=Inan|Case=Acc|Gender=Fem|Number=Plur	_	_	_	@asp1991m-words#@asp1991m#64.234#64.638
530	в	в	ADP	_	_	_	_	_	@asp1991m-words#@asp1991m#64.638#65.042
531	своем	свой	DET	_	Case=Loc|Gender=Neut|Number=Sing	_	_	_	@asp1991m-words#@asp1991m#65.042#65.446
532	уже	уже	ADV	_	Degree=Pos	_	_	_	@asp1991m-words#@asp1991m#65.446#65.85
533	восприятии	восприятие	NOUN	_	Animacy=Inan|Case=Loc|Gender=Neut|Number=Sing	_	_	_	@asp1991m-words#@asp1991m#65.85#66.26
534	то	тот	DET	_	Case=Acc|Gender=Neut|Number=Sing	_	_	_	@asp1991m-words#@asp1991m#66.69#66.941
535	же	же	PART	_	_	_	_	_	@asp1991m-words#@asp1991m#66.941#67.192
536	самое	самый	ADJ	_	Case=Acc|Degree=Pos|Gender=Neut|Number=Sing	_	_	_	@asp1991m-words#@asp1991m#67.192#67.443
537	с	с	ADP	_	_	_	_	_	@asp1991m-words#@asp1991m#67.443#67.694
538	Кандинским	Кандинский	PROPN	_	Animacy=Anim|Case=Ins|Gender=Masc|Number=Sing	_	_	_	@asp1991m-words#@asp1991m#67.694#67.945
539	/	/	PUNCT	_	_	_	_	_	@asp1991m-words#@asp1991m#67.945#68.196
540	почему	почему	ADV	_	Degree=Pos	_	_	_	@asp1991m-words#@asp1991m#68.196#68.447
541	Кандинский	Кандинский	PROPN	_	Animacy=Anim|Case=Nom|Gender=Masc|Number=Sing	_	_	_	@asp1991m-words#@asp1991m#68.447#68.698
542	был	быть	AUX	_	Aspect=Imp|Gender=Masc|Mood=Ind|Number=Sing|Tense=Past|VerbForm=Fin|Voice=Act	_	_	_	@asp1991m-words#@asp1991m#68.698#68.949
543	крутым	крутой	ADJ	_	Case=Ins|Degree=Pos|Gender=Masc|Number=Sing	_	_	_	@asp1991m-words#@asp1991m#68.949#69.2
544	?	?	PUNCT	_	_	_	_	_	@asp1991m-words#@asp1991m#69.2#69.46
545	потому	потому	ADV	_	Degree=Pos	_	_	_	@asp1991m-words#@asp1991m#69.7#70.006
546	что	что	SCONJ	_	_	_	_	_	@asp1991m-words#@asp1991m#70.006#70.312
547	Кандинский	Кандинский	PROPN	_	Animacy=Anim|Case=Nom|Gender=Masc|Number=Sing	_	_	_	@asp1991m-words#@asp1991m#70.312#70.618
548	сделал	делать	VERB	_	Aspect=Perf|Gender=Masc|Mood=Ind|Number=Sing|Tense=Past|VerbForm=Fin|Voice=Act	_	_	_	@asp1991m-words#@asp1991m#70.618#70.924
549	/	/	PUNCT	_	_	_	_	_	@asp1991m-words#@asp1991m#70.924#71.23
550	эээ	эээ	INTJ	_	_	_	_	_	@asp1991m-words#@asp1991m#71.23#71.536
551	/	/	PUNCT	_	_	_	_	_	@asp1991m-words#@asp1991m#71.536#71.842
552	там	там	ADV	_	Degree=Pos	_	_	_	@asp1991m-words#@asp1991m#71.842#72.148
553	даже	даже	PART	_	_	_	_	_	@asp1991m-words#@asp1991m#72.148#72.454
554	книга	книга	NOUN	_	Animacy=Inan|Case=Nom|Gender=Fem|Number=Sing	_	_	_	@asp1991m-words#@asp1991m#72.454#72.76
555	есть	быть	VERB	_	Aspect=Imp|Mood=Ind|Number=Sing|Person=3|Tense=Pres|VerbForm=Fin|Voice=Act	_	_	_	@asp1991m-words#@asp1991m#72.76#73.066
556	/	/	PUNCT	_	_	_	_	_	@asp1991m-words#@asp1991m#73.066#73.372
557	эээ	эээ	INTJ	_	_	_	_	_	@asp1991m-words#@asp1991m#73.372#73.678
558	/	/	PUNCT	_	_	_	_	_	@asp1991m-words#@asp1991m#73.678#73.984
559	серию	серия	NOUN	_	Animacy=Inan|Case=Acc|Gender=Fem|Number=Sing	_	_	_	@asp1991m-words#@asp1991m#73.984#74.29
560	манифестов	манифест	NOUN	_	Animacy=Inan|Case=Gen|Gender=Masc|Number=Plur	_	_	_	@asp1991m-words#@asp1991m#74.29#74.596
561	точка	точка	NOUN	_	Animacy=Inan|Case=Nom|Gender=Fem|Number=Sing	_	_	_	@asp1991m-words#@asp1991m#74.596#74.902
562	и	и	CCONJ	_	_	_	_	_	@asp1991m-words#@asp1991m#74.902#75.208
563	линия	линия	NOUN	_	Animacy=Inan|Case=Nom|Gender=Fem|Number=Sing	_	_	_	@asp1991m-words#@asp1991m#75.208#75.514
564	на	на	ADP	_	_	_	_	_	@asp1991m-words#@asp1991m#75.514#75.82
565	плоскости	плоскость	NOUN	_	Animacy=Inan|Case=Loc|Gender=Fem|Number=Sing	_	_	_	@asp1991m-words#@asp1991m#75.82#76.14
566	он	он	PRON	_	Case=Nom|Gender=Masc|Number=Sing|Person=3	_	_	_	@asp1991m-words#@asp1991m#76.38#76.727
567	объяснил	объяснить	VERB	_	Aspect=Perf|Gender=Masc|Mood=Ind|Number=Sing|Tense=Past|VerbForm=Fin|Voice=Act	_	_	_	@asp1991m-words#@asp1991m#76.727#77.074
568	что	что	SCONJ	_	_	_	_	_	@asp1991m-words#@asp1991m#77.074#77.421
569	/	/	PUNCT	_	_	_	_	_	@asp1991m-words#@asp1991m#77.421#77.768
570	линия	линия	NOUN	_	Animacy=Inan|Case=Nom|Gender=Fem|Number=Sing	_	_	_	@asp1991m-words#@asp1991m#77.768#78.115
571	и	и	CCONJ	_	_	_	_	_	@asp1991m-words#@asp1991m#78.115#78.462
572	точка	точка	NOUN	_	Animacy=Inan|Case=Nom|Gender=Fem|Number=Sing	_	_	_	@asp1991m-words#@asp1991m#78.462#78.809
573	/	/	PUNCT	_	_	_	_	_	@asp1991m-words#@asp1991m#78.809#79.156
574	они	они	PRON	_	Case=Nom|Number=Plur|Person=3	_	_	_	@asp1991m-words#@asp1991m#79.156#79.503
575	взаимодействуют	взаимодействовать	VERB	_	Aspect=Imp|Mood=Ind|Number=Plur|Person=3|Tense=Pres|VerbForm=Fin|Voice=Act	_	_	_	@asp1991m-words#@asp1991m#79.503#79.85
576	/	/	PUNCT	_	_	_	_	_	@asp1991m-words#@asp1991m#79.85#80.197
577	они	они	PRON	_	Case=Nom|Number=Plur|Person=3	_	_	_	@asp1991m-words#@asp1991m#80.197#80.544
578	движутся	двигаться	VERB	_	Aspect=Imp|Mood=Ind|Number=Plur|Person=3|Tense=Pres|VerbForm=Fin|Voice=Mid	_	_	_	@asp1991m-words#@asp1991m#80.544#80.891
579	/	/	PUNCT	_	_	_	_	_	@asp1991m-words#@asp1991m#80.891#81.238
580	что	что	SCONJ	_	_	_	_	_	@asp1991m-words#@asp1991m#81.238#81.585
581	цвет	цвет	NOUN	_	Animacy=Inan|Case=Nom|Gender=Masc|Number=Sing	_	_	_	@asp1991m-words#@asp1991m#81.585#81.932
582	может	мочь	VERB	_	Aspect=Imp|Mood=Ind|Number=Sing|Person=3|Tense=Pres|VerbForm=Fin|Voice=Act	_	_	_	@asp1991m-words#@asp1991m#81.932#82.279
583	ассоциироваться	ассоциироваться	VERB	_	Aspect=Imp|VerbForm=Inf|Voice=Mid	_	_	_	@asp1991m-words#@asp1991m#82.279#82.626
584	с	с	ADP	_	_	_	_	_	@asp1991m-words#@asp1991m#82.626#82.973
585	музыкой	музыка	NOUN	_	Animacy=Inan|Case=Ins|Gender=Fem|Number=Sing	_	_	_	@asp1991m-words#@asp1991m#82.973#83.32
586	/	/	PUNCT	_	_	_	_	_	@asp1991m-words#@asp1991m#83.32#83.667
587	с	с	ADP	_	_	_	_	_	@asp1991m-words#@asp1991m#83.667#84.014
588	ощущением	ощущение	NOUN	_	Animacy=Inan|Case=Ins|Gender=Neut|Number=Sing	_	_	_	@asp1991m-words#@asp1991m#84.014#84.361
589	/	/	PUNCT	_	_	_	_	_	@asp1991m-words#@asp1991m#84.361#84.708
590	и	и	CCONJ	_	_	_	_	_	@asp1991m-words#@asp1991m#84.708#85.055
591	ты	ты	PRON	_	Case=Nom|Number=Sing|Person=2	_	_	_	@asp1991m-words#@asp1991m#85.055#85.402
592	через	через	ADP	_	_	_	_	_	@asp1991m-words#@asp1991m#85.402#85.749
593	себя	себя	PRON	_	Case=Acc	_	_	_	@asp1991m-words#@asp1991m#85.749#86.096
594	это	это	PRON	_	Animacy=Inan|Case=Nom|Gender=Neut|Number=Sing	_	_	_	@asp1991m-words#@asp1991m#86.096#86.443
595	пропускаешь	пропускать	VERB	_	Aspect=Imp|Mood=Ind|Number=Sing|Person=2|Tense=Pres|VerbForm=Fin|Voice=Act	_	_	_	@asp1991m-words#@asp1991m#86.443#86.8
596	почему	почему	ADV	_	Degree=Pos	_	_	_	@asp1991m-words#@asp1991m#87.14#87.56
597	Ротко	Ротко	PROPN	_	Animacy=Anim|Case=Nom|Gender=Masc|Number=Sing	_	_	_	@asp1991m-words#@asp1991m#87.56#87.98
598	стал	стать	VERB	_	Aspect=Perf|Gender=Masc|Mood=Ind|Number=Sing|Tense=Past|VerbForm=Fin|Voice=Mid	_	_	_	@asp1991m-words#@asp1991m#87.98#88.4
599	известен	известный	ADJ	_	Degree=Pos|Gender=Masc|Number=Sing|Variant=Short	_	_	_	@asp1991m-words#@asp1991m#88.4#88.82
600	?	?	PUNCT	_	_	_	_	_	@asp1991m-words#@asp1991m#88.82#89.24
601	/	/	PUNCT	_	_	_	_	_	@asp1991m-words#@asp1991m#89.24#89.66
602	потому	потому	ADV	_	Degree=Pos	_	_	_	@asp1991m-words#@asp1991m#89.66#90.08
603	что	что	SCONJ	_	_	_	_	_	@asp1991m-words#@asp1991m#90.08#90.5
604	Ротко	Ротко	PROPN	_	Animacy=Anim|Case=Nom|Gender=Masc|Number=Sing	_	_	_	@asp1991m-words#@asp1991m#90.5#90.92
605	/	/	PUNCT	_	_	_	_	_	@asp1991m-words#@asp1991m#90.92#91.34
606	пытался	пытаться	VERB	_	Aspect=Imp|Gender=Masc|Mood=Ind|Number=Sing|Tense=Past|VerbForm=Fin|Voice=Mid	_	_	_	@asp1991m-words#@asp1991m#91.34#91.76
607	минимализировать	минимализировать	VERB	_	Aspect=Imp|VerbForm=Inf|Voice=Act	_	_	_	@asp1991m-words#@asp1991m#91.76#92.18
608	вообще	вообще	ADV	_	Degree=Pos	_	_	_	@asp1991m-words#@asp1991m#92.18#92.6
609	все	все	PRON	_	Animacy=Inan|Case=Acc|Gender=Neut|Number=Sing	_	_	_	@asp1991m-words#@asp1991m#93.18#93.61
610	кроме	кроме	ADP	_	_	_	_	_	@asp1991m-words#@asp1991m#93.61#94.04
611	цвета	цвет	NOUN	_	Animacy=Inan|Case=Gen|Gender=Masc|Number=Sing	_	_	_	@asp1991m-words#@asp1991m#94.04#94.47
612	вот	вот	PART	_	_	_	_	_	@asp1991m-words#@asp1991m#94.84#95.081
613	ты	ты	PRON	_	Case=Nom|Number=Sing|Person=2	_	_	_	@asp1991m-words#@asp1991m#95.081#95.322
614	смотришь	смотреть	VERB	_	Aspect=Imp|Mood=Ind|Number=Sing|Person=2|Tense=Pres|VerbForm=Fin|Voice=Act	_	_	_	@asp1991m-words#@asp1991m#95.322#95.563
615	на	на	ADP	_	_	_	_	_	@asp1991m-words#@asp1991m#95.563#95.804
616	работу	работа	NOUN	_	Animacy=Inan|Case=Acc|Gender=Fem|Number=Sing	_	_	_	@asp1991m-words#@asp1991m#95.804#96.045
617	/	/	PUNCT	_	_	_	_	_	@asp1991m-words#@asp1991m#96.045#96.286
618	вот	вот	PART	_	_	_	_	_	@asp1991m-words#@asp1991m#96.286#96.527
619	представь	представить	VERB	_	Aspect=Perf|Mood=Imp|Number=Sing|Person=2|VerbForm=Fin|Voice=Act	_	_	_	@asp1991m-words#@asp1991m#96.527#96.768
620	/	/	PUNCT	_	_	_	_	_	@asp1991m-words#@asp1991m#96.768#97.009
621	что	что	SCONJ	_	_	_	_	_	@asp1991m-words#@asp1991m#97.009#97.25
622	ты	ты	PRON	_	Case=Nom|Number=Sing|Person=2	_	_	_	@asp1991m-words#@asp1991m#97.25#97.491
623	так	так	ADV	_	Degree=Pos	_	_	_	@asp1991m-words#@asp1991m#97.491#97.732
624	глаза	глаз	NOUN	_	Animacy=Inan|Case=Acc|Gender=Masc|Number=Plur	_	_	_	@asp1991m-words#@asp1991m#97.732#97.973
625	расфокусировал	расфокусировать	VERB	_	Aspect=Perf|Gender=Masc|Mood=Ind|Number=Sing|Tense=Past|VerbForm=Fin|Voice=Act	_	_	_	@asp1991m-words#@asp1991m#97.973#98.214
626	/	/	PUNCT	_	_	_	_	_	@asp1991m-words#@asp1991m#98.214#98.455
627	что	что	SCONJ	_	_	_	_	_	@asp1991m-words#@asp1991m#98.455#98.696
628	ты	ты	PRON	_	Case=Nom|Number=Sing|Person=2	_	_	_	@asp1991m-words#@asp1991m#98.696#98.937
629	видишь	видеть	VERB	_	Aspect=Imp|Mood=Ind|Number=Sing|Person=2|Tense=Pres|VerbForm=Fin|Voice=Act	_	_	_	@asp1991m-words#@asp1991m#98.937#99.178
630	только	только	PART	_	_	_	_	_	@asp1991m-words#@asp1991m#99.178#99.419
631	цветовое	цветовой	ADJ	_	Case=Acc|Degree=Pos|Gender=Neut|Number=Sing	_	_	_	@asp1991m-words#@asp1991m#99.419#99.66
632	пятно	пятно	NOUN	_	Animacy=Inan|Case=Acc|Gender=Neut|Number=Sing	_	_	_	@asp1991m-words#@asp1991m#99.66#99.92
633	вот	вот	PART	_	_	_	_	_	@asp1991m-words#@asp1991m#100.18#100.415
634	какие	какой	DET	_	Case=Nom|Number=Plur	_	_	_	@asp1991m-words#@asp1991m#100.415#100.65
635	у	у	ADP	_	_	_	_	_	@asp1991m-words#@asp1991m#100.65#100.885
636	тебя	ты	PRON	_	Case=Gen|Number=Sing|Person=2	_	_	_	@asp1991m-words#@asp1991m#100.885#101.12
637	ощущения	ощущение	NOUN	_	Animacy=Inan|Case=Acc|Gender=Neut|Number=Plur	_	_	_	@asp1991m-words#@asp1991m#101.12#101.355
638	там	там	ADV	_	Degree=Pos	_	_	_	@asp1991m-words#@asp1991m#101.355#101.59
639	от	от	ADP	_	_	_	_	_	@asp1991m-words#@asp1991m#101.59#101.825
640	солнца	солнце	NOUN	_	Animacy=Inan|Case=Gen|Gender=Neut|Number=Sing	_	_	_	@asp1991m-words#@asp1991m#101.825#102.06
641	/	/	PUNCT	_	_	_	_	_	@asp1991m-words#@asp1991m#102.06#102.295
642	от	от	ADP	_	_	_	_	_	@asp1991m-words#@asp1991m#102.295#102.53
643	тепла	тепло	NOUN	_	Animacy=Inan|Case=Gen|Gender=Neut|Number=Sing	_	_	_	@asp1991m-words#@asp1991m#102.53#102.765
644	/	/	PUNCT	_	_	_	_	_	@asp1991m-words#@asp1991m#102.765#103.0
645	от	от	ADP	_	_	_	_	_	@asp1991m-words#@asp1991m#103.0#103.235
646	глины	глина	NOUN	_	Animacy=Inan|Case=Gen|Gender=Fem|Number=Sing	_	_	_	@asp1991m-words#@asp1991m#103.235#103.47
647	/	/	PUNCT	_	_	_	_	_	@asp1991m-words#@asp1991m#103.47#103.705
648	от	от	ADP	_	_	_	_	_	@asp1991m-words#@asp1991m#103.705#103.94
649	грязи	грязь	NOUN	_	Animacy=Inan|Case=Gen|Gender=Fem|Number=Sing	_	_	_	@asp1991m-words#@asp1991m#103.94#104.175
650	?	?	PUNCT	_	_	_	_	_	@asp1991m-words#@asp1991m#104.175#104.41
651	вот	вот	PART	_	_	_	_	_	@asp1991m-words#@asp1991m#104.67#105.03
652	он	он	PRON	_	Case=Nom|Gender=Masc|Number=Sing|Person=3	_	_	_	@asp1991m-words#@asp1991m#105.03#105.39
653	пытался	пытаться	VERB	_	Aspect=Imp|Gender=Masc|Mood=Ind|Number=Sing|Tense=Past|VerbForm=Fin|Voice=Mid	_	_	_	@asp1991m-words#@asp1991m#105.39#105.75
654	эмоции	эмоция	NOUN	_	Animacy=Inan|Case=Acc|Gender=Fem|Number=Plur	_	_	_	@asp1991m-words#@asp1991m#105.75#106.11
655	/	/	PUNCT	_	_	_	_	_	@asp1991m-words#@asp1991m#106.11#106.47
656	какое-то	какой-то	DET	_	Case=Nom|Gender=Neut|Number=Sing	_	_	_	@asp1991m-words#@asp1991m#106.47#106.83
657	вот	вот	PART	_	_	_	_	_	@asp1991m-words#@asp1991m#106.83#107.19
658	то	тот	DET	_	Case=Acc|Gender=Neut|Number=Sing	_	_	_	@asp1991m-words#@asp1991m#107.19#107.55
659	состояние	состояние	NOUN	_	Animacy=Inan|Case=Acc|Gender=Neut|Number=Sing	_	_	_	@asp1991m-words#@asp1991m#107.55#107.91
660	/	/	PUNCT	_	_	_	_	_	@asp1991m-words#@asp1991m#107.91#108.27
661	передать	передать	VERB	_	Aspect=Perf|VerbForm=Inf|Voice=Act	_	_	_	@asp1991m-words#@asp1991m#108.27#108.63
662	через	через	ADP	_	_	_	_	_	@asp1991m-words#@asp1991m#108.63#108.99
663	огромные	огромный	ADJ	_	Animacy=Inan|Case=Acc|Degree=Pos|Number=Plur	_	_	_	@asp1991m-words#@asp1991m#108.99#109.35
664	работы	работа	NOUN	_	Animacy=Inan|Case=Acc|Gender=Fem|Number=Plur	_	_	_	@asp1991m-words#@asp1991m#109.35#109.71
665	поэтому	поэтому	ADV	_	Degree=Pos	_	_	_	@asp1991m-words#@asp1991m#110.01#110.325
666	Ротко	Ротко	ADV	_	Degree=Pos	_	_	_	@asp1991m-words#@asp1991m#110.325#110.64
667	нельзя	нельзя	ADV	_	Degree=Pos	_	_	_	@asp1991m-words#@asp1991m#110.64#110.955
668	смотреть	смотреть	VERB	_	Aspect=Imp|VerbForm=Inf|Voice=Act	_	_	_	@asp1991m-words#@asp1991m#110.955#111.27
669	вот	вот	PART	_	_	_	_	_	@asp1991m-words#@asp1991m#111.27#111.585
670	в	в	ADP	_	_	_	_	_	@asp1991m-words#@asp1991m#111.585#111.9
671	таких	такой	DET	_	Case=Loc|Number=Plur	_	_	_	@asp1991m-words#@asp1991m#111.9#112.215
672	вот	вот	PART	_	_	_	_	_	@asp1991m-words#@asp1991m#112.215#112.53
673	книжечках	книжечка	NOUN	_	Animacy=Inan|Case=Loc|Gender=Fem|Number=Plur	_	_	_	@asp1991m-words#@asp1991m#112.53#112.845
674	/	/	PUNCT	_	_	_	_	_	@asp1991m-words#@asp1991m#112.845#113.16
675	Ротко	Ротко	ADV	_	Degree=Pos	_	_	_	@asp1991m-words#@asp1991m#113.16#113.475
676	это	это	PRON	_	Animacy=Inan|Case=Nom|Gender=Neut|Number=Sing	_	_	_	@asp1991m-words#@asp1991m#113.475#113.79
677	огромная	огромный	ADJ	_	Case=Nom|Degree=Pos|Gender=Fem|Number=Sing	_	_	_	@asp1991m-words#@asp1991m#113.79#114.105
678	работа	работа	NOUN	_	Animacy=Inan|Case=Nom|Gender=Fem|Number=Sing	_	_	_	@asp1991m-words#@asp1991m#114.105#114.42
679	потому	потому	ADV	_	Degree=Pos	_	_	_	@asp1991m-words#@asp1991m#114.81#115.073
680	что	что	SCONJ	_	_	_	_	_	@asp1991m-words#@asp1991m#115.073#115.336
681	они	они	PRON	_	Case=Nom|Number=Plur|Person=3	_	_	_	@asp1991m-words#@asp1991m#115.336#115.599
682	это	это	PRON	_	Animacy=Inan|Case=Acc|Gender=Neut|Number=Sing	_	_	_	@asp1991m-words#@asp1991m#115.599#115.862
683	искали	искать	VERB	_	Aspect=Imp|Mood=Ind|Number=Plur|Tense=Past|VerbForm=Fin|Voice=Act	_	_	_	@asp1991m-words#@asp1991m#115.862#116.125
684	/	/	PUNCT	_	_	_	_	_	@asp1991m-words#@asp1991m#116.125#116.388
685	они	они	PRON	_	Case=Nom|Number=Plur|Person=3	_	_	_	@asp1991m-words#@asp1991m#116.388#116.651
686	это	это	PRON	_	Animacy=Inan|Case=Acc|Gender=Neut|Number=Sing	_	_	_	@asp1991m-words#@asp1991m#116.651#116.914
687	создавали	создавать	VERB	_	Aspect=Imp|Mood=Ind|Number=Plur|Tense=Past|VerbForm=Fin|Voice=Act	_	_	_	@asp1991m-words#@asp1991m#116.914#117.18
688	когда	когда	SCONJ	_	_	_	_	_	@asp1991m-words#@asp1991m#117.52#117.822
689	Ньюман	Ньюман	PROPN	_	Animacy=Inan|Case=Nom|Gender=Masc|Number=Sing	_	_	_	@asp1991m-words#@asp1991m#117.822#118.124
690	искал	искать	VERB	_	Aspect=Imp|Gender=Masc|Mood=Ind|Number=Sing|Tense=Past|VerbForm=Fin|Voice=Act	_	_	_	@asp1991m-words#@asp1991m#118.124#118.426
691	синий	синий	ADJ	_	Case=Acc|Degree=Pos|Gender=Masc|Number=Sing	_	_	_	@asp1991m-words#@asp1991m#118.426#118.728
692	цвет	цвет	NOUN	_	Animacy=Inan|Case=Acc|Gender=Masc|Number=Sing	_	_	_	@asp1991m-words#@asp1991m#118.728#119.03
693	он	он	PRON	_	Case=Nom|Gender=Masc|Number=Sing|Person=3	_	_	_	@asp1991m-words#@asp1991m#119.03#119.332
694	искал	искать	VERB	_	Aspect=Imp|Gender=Masc|Mood=Ind|Number=Sing|Tense=Past|VerbForm=Fin|Voice=Act	_	_	_	@asp1991m-words#@asp1991m#119.332#119.634
695	синеву	синева	NOUN	_	Animacy=Inan|Case=Acc|Gender=Fem|Number=Sing	_	_	_	@asp1991m-words#@asp1991m#119.634#119.936
696	/	/	PUNCT	_	_	_	_	_	@asp1991m-words#@asp1991m#119.936#120.238
697	которая	который	PRON	_	Case=Nom	_	_	_	@asp1991m-words#@asp1991m#120.238#120.54
698	там	там	ADV	_	Degree=Pos	_	_	_	@asp1991m-words#@asp1991m#120.54#120.842
699	сильнее	сильный	ADV	_	Degree=Cmp	_	_	_	@asp1991m-words#@asp1991m#120.842#121.144
700	неба	небо	NOUN	_	Animacy=Inan|Case=Gen|Gender=Neut|Number=Sing	_	_	_	@asp1991m-words#@asp1991m#121.144#121.446
701	/	/	PUNCT	_	_	_	_	_	@asp1991m-words#@asp1991m#121.446#121.748
702	вот	вот	PART	_	_	_	_	_	@asp1991m-words#@asp1991m#121.748#122.05
703	вот	вот	PART	_	_	_	_	_	@asp1991m-words#@asp1991m#122.05#122.352
704	это	этот	PRON	_	Animacy=Inan|Case=Nom|Gender=Neut|Number=Sing	_	_	_	@asp1991m-words#@asp1991m#122.352#122.654
705	ценно	ценно	ADV	_	Degree=Pos	_	_	_	@asp1991m-words#@asp1991m#122.654#122.97
706	да	да	PART	_	_	_	_	_	@asp1991m-words#@asp1991m#126.82#127.2
707	мм	мм	INTJ	_	_	_	_	_	@asp1991m-words#@asp1991m#146.3#146.69
708	#смеется#	#смеется#		_	_	_	_	_	@asp1991m-words#@asp1991m#149.94#150.78
709	[нрзб]	[нрзб]		_	_	_	_	_	@asp1991m-words#@asp1991m#150.96#151.316
710	просто	просто	PART	_	_	_	_	_	@asp1991m-words#@asp1991m#151.316#151.672
711	ты	ты	PRON	_	Case=Nom|Number=Sing|Person=2	_	_	_	@asp1991m-words#@asp1991m#151.672#152.028
712	ставишь	ставить	VERB	_	Aspect=Perf|Mood=Ind|Number=Sing|Person=2|Tense=Fut|VerbForm=Fin|Voice=Act	_	_	_	@asp1991m-words#@asp1991m#152.028#152.384
713	такую	такой	DET	_	Case=Acc|Gender=Fem|Number=Sing	_	_	_	@asp1991m-words#@asp1991m#152.384#152.74
714	забавную	забавный	ADJ	_	Case=Acc|Degree=Pos|Gender=Fem|Number=Sing	_	_	_	@asp1991m-words#@asp1991m#152.74#153.096
715	ситуацию	ситуация	NOUN	_	Animacy=Inan|Case=Acc|Gender=Fem|Number=Sing	_	_	_	@asp1991m-words#@asp1991m#153.096#153.452
716	/	/	PUNCT	_	_	_	_	_	@asp1991m-words#@asp1991m#153.452#153.808
717	где	где	ADV	_	Degree=Pos	_	_	_	@asp1991m-words#@asp1991m#153.808#154.164
718	оценщиком	оценщик	NOUN	_	Animacy=Anim|Case=Ins|Gender=Masc|Number=Sing	_	_	_	@asp1991m-words#@asp1991m#154.164#154.52
719	[нрзб]	[нрзб]		_	_	_	_	_	@asp1991m-words#@asp1991m#154.52#154.88
720	да	да	PART	_	_	_	_	_	@asp1991m-words#@asp1991m#155.36#155.594
721	/	/	PUNCT	_	_	_	_	_	@asp1991m-words#@asp1991m#155.594#155.828
722	но	но	CCONJ	_	_	_	_	_	@asp1991m-words#@asp1991m#155.828#156.062
723	она	она	PRON	_	Case=Nom|Gender=Fem|Number=Sing|Person=3	_	_	_	@asp1991m-words#@asp1991m#156.062#156.296
724	происходит	происходить	VERB	_	Aspect=Imp|Mood=Ind|Number=Sing|Person=3|Tense=Pres|VerbForm=Fin|Voice=Act	_	_	_	@asp1991m-words#@asp1991m#156.296#156.53
725	каждый	каждый	DET	_	Case=Acc|Gender=Masc|Number=Sing	_	_	_	@asp1991m-words#@asp1991m#156.53#156.764
726	день	день	NOUN	_	Animacy=Inan|Case=Acc|Gender=Masc|Number=Sing	_	_	_	@asp1991m-words#@asp1991m#156.764#157.0
727	как	как	SCONJ	_	_	_	_	_	@asp1991m-words#@asp1991m#157.33#157.708
728	раз	раз	NOUN	_	Animacy=Inan|Case=Acc|Gender=Masc|Number=Sing	_	_	_	@asp1991m-words#@asp1991m#157.708#158.086
729	оттого	оттого	ADV	_	Degree=Pos	_	_	_	@asp1991m-words#@asp1991m#158.086#158.464
730	что	что	PRON	_	Case=Acc	_	_	_	@asp1991m-words#@asp1991m#158.464#158.842
731	нету	нет	PART	_	_	_	_	_	@asp1991m-words#@asp1991m#158.842#159.22
732	/	/	PUNCT	_	_	_	_	_	@asp1991m-words#@asp1991m#159.22#159.598
733	на	на	ADP	_	_	_	_	_	@asp1991m-words#@asp1991m#159.598#159.976
734	улице	улица	NOUN	_	Animacy=Inan|Case=Loc|Gender=Fem|Number=Sing	_	_	_	@asp1991m-words#@asp1991m#159.976#160.354
735	определенного	определенный	ADJ	_	Case=Gen|Degree=Pos|Gender=Masc|Number=Sing	_	_	_	@asp1991m-words#@asp1991m#160.354#160.732
736	регламента	регламент	NOUN	_	Animacy=Inan|Case=Gen|Gender=Masc|Number=Sing	_	_	_	@asp1991m-words#@asp1991m#160.732#161.11
737	какие	какой	DET	_	Case=Acc|Number=Plur	_	_	_	@asp1991m-words#@asp1991m#161.11#161.488
738	работы	работа	NOUN	_	Animacy=Inan|Case=Gen|Gender=Fem|Number=Sing	_	_	_	@asp1991m-words#@asp1991m#161.488#161.866
739	нужно	нужный	ADJ	_	Degree=Pos|Gender=Neut|Number=Sing|Variant=Short	_	_	_	@asp1991m-words#@asp1991m#161.866#162.244
740	защищать	защищать	VERB	_	Aspect=Imp|VerbForm=Inf|Voice=Act	_	_	_	@asp1991m-words#@asp1991m#162.244#162.622
741	какие	какой	DET	_	Case=Acc|Number=Plur	_	_	_	@asp1991m-words#@asp1991m#162.622#163.0
742	не	не	PART	_	_	_	_	_	@asp1991m-words#@asp1991m#163.0#163.378
743	нужно	нужный	ADJ	_	Degree=Pos|Gender=Neut|Number=Sing|Variant=Short	_	_	_	@asp1991m-words#@asp1991m#163.378#163.756
744	защищать	защищать	VERB	_	Aspect=Imp|VerbForm=Inf|Voice=Act	_	_	_	@asp1991m-words#@asp1991m#163.756#164.15
745	эти	этот	DET	_	Case=Acc|Number=Plur	_	_	_	@asp1991m-words#@asp1991m#164.47#164.824
746	решения	решение	NOUN	_	Animacy=Inan|Case=Acc|Gender=Neut|Number=Plur	_	_	_	@asp1991m-words#@asp1991m#164.824#165.178
747	должен	должен	ADJ	_	Degree=Pos|Gender=Masc|Number=Sing|Variant=Short	_	_	_	@asp1991m-words#@asp1991m#165.178#165.532
748	принимать	принимать	VERB	_	Aspect=Imp|VerbForm=Inf|Voice=Act	_	_	_	@asp1991m-words#@asp1991m#165.532#165.886
749	не	не	PART	_	_	_	_	_	@asp1991m-words#@asp1991m#165.886#166.24
750	дворник	дворник	NOUN	_	Animacy=Anim|Case=Nom|Gender=Masc|Number=Sing	_	_	_	@asp1991m-words#@asp1991m#166.24#166.594
751	/	/	PUNCT	_	_	_	_	_	@asp1991m-words#@asp1991m#166.594#166.948
752	а	а	CCONJ	_	_	_	_	_	@asp1991m-words#@asp1991m#166.948#167.302
753	человек	человек	NOUN	_	Animacy=Anim|Case=Nom|Gender=Masc|Number=Sing	_	_	_	@asp1991m-words#@asp1991m#167.302#167.656
754	который	который	PRON	_	Case=Nom	_	_	_	@asp1991m-words#@asp1991m#167.656#168.01
755	управляет	управлять	VERB	_	Aspect=Imp|Mood=Ind|Number=Sing|Person=3|Tense=Pres|VerbForm=Fin|Voice=Act	_	_	_	@asp1991m-words#@asp1991m#168.01#168.364
756	этим	этот	DET	_	Case=Ins|Gender=Masc|Number=Sing	_	_	_	@asp1991m-words#@asp1991m#168.364#168.718
757	дворником	дворник	NOUN	_	Animacy=Inan|Case=Ins|Gender=Masc|Number=Sing	_	_	_	@asp1991m-words#@asp1991m#168.718#169.08
758	если	если	SCONJ	_	_	_	_	_	@asp1991m-words#@asp1991m#169.41#169.71
759	мы	мы	PRON	_	Case=Nom|Number=Plur|Person=1	_	_	_	@asp1991m-words#@asp1991m#169.71#170.01
760	там	там	ADV	_	Degree=Pos	_	_	_	@asp1991m-words#@asp1991m#170.01#170.31
761	условно	условно	ADV	_	Degree=Pos	_	_	_	@asp1991m-words#@asp1991m#170.31#170.61
762	будем	быть	AUX	_	Aspect=Imp|Mood=Ind|Number=Plur|Person=1|Tense=Pres|VerbForm=Fin|Voice=Act	_	_	_	@asp1991m-words#@asp1991m#170.61#170.91
763	говорить	говорить	VERB	_	Aspect=Imp|VerbForm=Inf|Voice=Act	_	_	_	@asp1991m-words#@asp1991m#170.91#171.21
764	о	о	ADP	_	_	_	_	_	@asp1991m-words#@asp1991m#171.21#171.51
765	Лондоне	Лондон	PROPN	_	Animacy=Inan|Case=Loc|Gender=Masc|Number=Sing	_	_	_	@asp1991m-words#@asp1991m#171.51#171.81
766	самые	самый	ADJ	_	Case=Nom|Degree=Pos|Number=Plur	_	_	_	@asp1991m-words#@asp1991m#172.29#172.662
767	/	/	PUNCT	_	_	_	_	_	@asp1991m-words#@asp1991m#172.662#173.034
768	условно	условно	ADV	_	Degree=Pos	_	_	_	@asp1991m-words#@asp1991m#173.034#173.406
769	ценные	ценный	ADJ	_	Animacy=Inan|Case=Acc|Degree=Pos|Number=Plur	_	_	_	@asp1991m-words#@asp1991m#173.406#173.778
770	работы	работа	NOUN	_	Animacy=Inan|Case=Acc|Gender=Fem|Number=Plur	_	_	_	@asp1991m-words#@asp1991m#173.778#174.15
771	там	там	ADV	_	Degree=Pos	_	_	_	@asp1991m-words#@asp1991m#174.15#174.522
772	на	на	ADP	_	_	_	_	_	@asp1991m-words#@asp1991m#174.522#174.894
773	улице	улица	NOUN	_	Animacy=Inan|Case=Loc|Gender=Fem|Number=Sing	_	_	_	@asp1991m-words#@asp1991m#174.894#175.266
774	могут	мочь	VERB	_	Aspect=Imp|Mood=Ind|Number=Plur|Person=3|Tense=Pres|VerbForm=Fin|Voice=Act	_	_	_	@asp1991m-words#@asp1991m#175.266#175.638
775	з...	з...	INTJ	_	_	_	_	_	@asp1991m-words#@asp1991m#175.638#176.01
776	при...	при...	INTJ	_	_	_	_	_	@asp1991m-words#@asp1991m#176.01#176.382
777	защитить	защитить	VERB	_	Aspect=Perf|VerbForm=Inf|Voice=Act	_	_	_	@asp1991m-words#@asp1991m#176.382#176.754
778	стеклом	стекло	NOUN	_	Animacy=Inan|Case=Ins|Gender=Neut|Number=Sing	_	_	_	@asp1991m-words#@asp1991m#176.754#177.126
779	да	да	PART	_	_	_	_	_	@asp1991m-words#@asp1991m#177.126#177.51
780	хорошо	хорошо	ADV	_	Degree=Pos	_	_	_	@asp1991m-words#@asp1991m#184.39#184.627
781	а	а	CCONJ	_	_	_	_	_	@asp1991m-words#@asp1991m#184.627#184.864
782	почему	почему	ADV	_	Degree=Pos	_	_	_	@asp1991m-words#@asp1991m#184.864#185.101
783	они	они	PRON	_	Case=Nom|Number=Plur|Person=3	_	_	_	@asp1991m-words#@asp1991m#185.101#185.338
784	это	это	PRON	_	Animacy=Inan|Case=Acc|Gender=Neut|Number=Sing	_	_	_	@asp1991m-words#@asp1991m#185.338#185.575
785	сделали	делать	VERB	_	Aspect=Perf|Mood=Ind|Number=Plur|Tense=Past|VerbForm=Fin|Voice=Act	_	_	_	@asp1991m-words#@asp1991m#185.575#185.812
786	?	?	PUNCT	_	_	_	_	_	@asp1991m-words#@asp1991m#185.812#186.05
787	потому	потому	ADV	_	Degree=Pos	_	_	_	@asp1991m-words#@asp1991m#226.91#227.214
788	что	что	SCONJ	_	_	_	_	_	@asp1991m-words#@asp1991m#227.214#227.518
789	есть	быть	VERB	_	Aspect=Imp|Mood=Ind|Number=Plur|Person=3|Tense=Pres|VerbForm=Fin|Voice=Act	_	_	_	@asp1991m-words#@asp1991m#227.518#227.822
790	определенные	определенный	ADJ	_	Case=Nom|Degree=Pos|Number=Plur	_	_	_	@asp1991m-words#@asp1991m#227.822#228.126
791	негласные	негласный	ADJ	_	Case=Nom|Degree=Pos|Number=Plur	_	_	_	@asp1991m-words#@asp1991m#228.126#228.43
792	правила	правило	NOUN	_	Animacy=Inan|Case=Nom|Gender=Neut|Number=Plur	_	_	_	@asp1991m-words#@asp1991m#228.43#228.734
793	/	/	PUNCT	_	_	_	_	_	@asp1991m-words#@asp1991m#228.734#229.038
794	которые	который	PRON	_	Case=Nom	_	_	_	@asp1991m-words#@asp1991m#229.038#229.342
795	сформировались	сформироваться	VERB	_	Aspect=Perf|Mood=Ind|Number=Plur|Tense=Past|VerbForm=Fin|Voice=Mid	_	_	_	@asp1991m-words#@asp1991m#229.342#229.646
796	условно	условно	ADV	_	Degree=Pos	_	_	_	@asp1991m-words#@asp1991m#229.646#229.95
797	в	в	ADP	_	_	_	_	_	@asp1991m-words#@asp1991m#229.95#230.254
798	/	/	PUNCT	_	_	_	_	_	@asp1991m-words#@asp1991m#230.254#230.558
799	эээ	эээ	INTJ	_	_	_	_	_	@asp1991m-words#@asp1991m#230.558#230.862
800	/	/	PUNCT	_	_	_	_	_	@asp1991m-words#@asp1991m#230.862#231.166
801	этой	этот	DET	_	Case=Dat|Gender=Fem|Number=Sing	_	_	_	@asp1991m-words#@asp1991m#231.166#231.47
802	зоне	зона	NOUN	_	Animacy=Inan|Case=Dat|Gender=Fem|Number=Sing	_	_	_	@asp1991m-words#@asp1991m#231.47#231.774
803	/	/	PUNCT	_	_	_	_	_	@asp1991m-words#@asp1991m#231.774#232.078
804	и	и	CCONJ	_	_	_	_	_	@asp1991m-words#@asp1991m#232.078#232.382
805	эти	этот	DET	_	Case=Nom|Number=Plur	_	_	_	@asp1991m-words#@asp1991m#232.382#232.686
806	правила	правило	NOUN	_	Animacy=Inan|Case=Nom|Gender=Neut|Number=Plur	_	_	_	@asp1991m-words#@asp1991m#232.686#232.99
807	говорят	говорить	VERB	_	Aspect=Imp|Mood=Ind|Number=Plur|Person=3|Tense=Pres|VerbForm=Fin|Voice=Act	_	_	_	@asp1991m-words#@asp1991m#232.99#233.294
808	о	о	ADP	_	_	_	_	_	@asp1991m-words#@asp1991m#233.294#233.598
809	том	то	PRON	_	Animacy=Inan|Case=Loc|Gender=Neut|Number=Sing	_	_	_	@asp1991m-words#@asp1991m#233.598#233.902
810	что	что	SCONJ	_	_	_	_	_	@asp1991m-words#@asp1991m#233.902#234.206
811	здесь	здесь	ADV	_	Degree=Pos	_	_	_	@asp1991m-words#@asp1991m#234.206#234.51
812	искусство	искусство	NOUN	_	Animacy=Inan|Case=Nom|Gender=Neut|Number=Sing	_	_	_	@asp1991m-words#@asp1991m#234.51#234.814
813	/	/	PUNCT	_	_	_	_	_	@asp1991m-words#@asp1991m#234.814#235.118
814	мы	мы	PRON	_	Case=Nom|Number=Plur|Person=1	_	_	_	@asp1991m-words#@asp1991m#235.118#235.422
815	его	он	PRON	_	Case=Acc|Gender=Masc|Number=Sing|Person=3	_	_	_	@asp1991m-words#@asp1991m#235.422#235.726
816	не	не	PART	_	_	_	_	_	@asp1991m-words#@asp1991m#235.726#236.03
817	трогаем	трогать	VERB	_	Aspect=Imp|Mood=Ind|Number=Plur|Person=1|Tense=Pres|VerbForm=Fin|Voice=Act	_	_	_	@asp1991m-words#@asp1991m#236.03#236.334
818	/	/	PUNCT	_	_	_	_	_	@asp1991m-words#@asp1991m#236.334#236.638
819	да	да	PART	_	_	_	_	_	@asp1991m-words#@asp1991m#236.638#236.942
820	?	?	PUNCT	_	_	_	_	_	@asp1991m-words#@asp1991m#236.942#237.26
821	если	если	SCONJ	_	_	_	_	_	@asp1991m-words#@asp1991m#237.5#237.807
822	мы	мы	PRON	_	Case=Nom|Number=Plur|Person=1	_	_	_	@asp1991m-words#@asp1991m#237.807#238.114
823	говорим	говорить	VERB	_	Aspect=Imp|Mood=Ind|Number=Plur|Person=1|Tense=Pres|VerbForm=Fin|Voice=Act	_	_	_	@asp1991m-words#@asp1991m#238.114#238.421
824	про	про	ADP	_	_	_	_	_	@asp1991m-words#@asp1991m#238.421#238.728
825	дворника	дворник	NOUN	_	Animacy=Inan|Case=Gen|Gender=Masc|Number=Sing	_	_	_	@asp1991m-words#@asp1991m#238.728#239.035
826	/	/	PUNCT	_	_	_	_	_	@asp1991m-words#@asp1991m#239.035#239.342
827	который	который	PRON	_	Case=Nom	_	_	_	@asp1991m-words#@asp1991m#239.342#239.649
828	ээ	ээ	INTJ	_	_	_	_	_	@asp1991m-words#@asp1991m#239.649#239.956
829	там	там	ADV	_	Degree=Pos	_	_	_	@asp1991m-words#@asp1991m#239.956#240.263
830	идет	идти	VERB	_	Aspect=Imp|Mood=Ind|Number=Sing|Person=3|Tense=Pres|VerbForm=Fin|Voice=Act	_	_	_	@asp1991m-words#@asp1991m#240.263#240.57
831	по	по	ADP	_	_	_	_	_	@asp1991m-words#@asp1991m#240.57#240.877
832	Москве	Москва	PROPN	_	Animacy=Inan|Case=Dat|Gender=Fem|Number=Sing	_	_	_	@asp1991m-words#@asp1991m#240.877#241.184
833	/	/	PUNCT	_	_	_	_	_	@asp1991m-words#@asp1991m#241.184#241.491
834	и	и	CCONJ	_	_	_	_	_	@asp1991m-words#@asp1991m#241.491#241.798
835	ему	он	PRON	_	Case=Dat|Gender=Masc|Number=Sing|Person=3	_	_	_	@asp1991m-words#@asp1991m#241.798#242.105
836	приказано	приказать	VERB	_	Aspect=Perf|Gender=Neut|Number=Sing|Tense=Past|Variant=Short|VerbForm=Part|Voice=Pass	_	_	_	@asp1991m-words#@asp1991m#242.105#242.412
837	/	/	PUNCT	_	_	_	_	_	@asp1991m-words#@asp1991m#242.412#242.719
838	там	там	ADV	_	Degree=Pos	_	_	_	@asp1991m-words#@asp1991m#242.719#243.026
839	убирать	убирать	VERB	_	Aspect=Imp|VerbForm=Inf|Voice=Act	_	_	_	@asp1991m-words#@asp1991m#243.026#243.333
840	дороги	дорога	NOUN	_	Animacy=Inan|Case=Acc|Gender=Fem|Number=Plur	_	_	_	@asp1991m-words#@asp1991m#243.333#243.64
841	и	и	CCONJ	_	_	_	_	_	@asp1991m-words#@asp1991m#243.64#243.947
842	следить	следить	VERB	_	Aspect=Imp|VerbForm=Inf|Voice=Act	_	_	_	@asp1991m-words#@asp1991m#243.947#244.254
843	за	за	ADP	_	_	_	_	_	@asp1991m-words#@asp1991m#244.254#244.561
844	тем	то	PRON	_	Animacy=Inan|Case=Ins|Gender=Neut|Number=Sing	_	_	_	@asp1991m-words#@asp1991m#244.561#244.868
845	чтобы	чтобы	SCONJ	_	Mood=Cnd	_	_	_	@asp1991m-words#@asp1991m#244.868#245.175
846	стены	стена	NOUN	_	Animacy=Inan|Case=Nom|Gender=Fem|Number=Plur	_	_	_	@asp1991m-words#@asp1991m#245.175#245.482
847	были	быть	VERB	_	Aspect=Imp|Mood=Ind|Number=Plur|Tense=Past|VerbForm=Fin|Voice=Act	_	_	_	@asp1991m-words#@asp1991m#245.482#245.789
848	чистые	чистый	ADJ	_	Case=Nom|Degree=Pos|Number=Plur	_	_	_	@asp1991m-words#@asp1991m#245.789#246.096
849	/	/	PUNCT	_	_	_	_	_	@asp1991m-words#@asp1991m#246.096#246.403
850	естественно	естественный	ADJ	_	Degree=Pos|Gender=Neut|Number=Sing|Variant=Short	_	_	_	@asp1991m-words#@asp1991m#246.403#246.71
851	под	под	ADP	_	_	_	_	_	@asp1991m-words#@asp1991m#246.71#247.017
852	категорию	категория	NOUN	_	Animacy=Inan|Case=Acc|Gender=Fem|Number=Sing	_	_	_	@asp1991m-words#@asp1991m#247.017#247.324
853	искусства	искусство	NOUN	_	Animacy=Inan|Case=Gen|Gender=Neut|Number=Sing	_	_	_	@asp1991m-words#@asp1991m#247.324#247.631
854	в	в	ADP	_	_	_	_	_	@asp1991m-words#@asp1991m#247.631#247.938
855	его	он	PRON	_	Case=Acc|Gender=Masc|Number=Sing|Person=3	_	_	_	@asp1991m-words#@asp1991m#247.938#248.245
856	системе	система	NOUN	_	Animacy=Inan|Case=Loc|Gender=Fem|Number=Sing	_	_	_	@asp1991m-words#@asp1991m#248.245#248.552
857	ценностей	ценность	NOUN	_	Animacy=Inan|Case=Gen|Gender=Fem|Number=Plur	_	_	_	@asp1991m-words#@asp1991m#248.552#248.859
858	и	и	CCONJ	_	_	_	_	_	@asp1991m-words#@asp1991m#248.859#249.166
859	вообще	вообще	ADV	_	Degree=Pos	_	_	_	@asp1991m-words#@asp1991m#249.166#249.473
860	знаний	знание	NOUN	_	Animacy=Inan|Case=Gen|Gender=Neut|Number=Plur	_	_	_	@asp1991m-words#@asp1991m#249.473#249.78
861	это	это	PRON	_	Animacy=Inan|Case=Nom|Gender=Neut|Number=Sing	_	_	_	@asp1991m-words#@asp1991m#249.78#250.087
862	не	не	PART	_	_	_	_	_	@asp1991m-words#@asp1991m#250.087#250.394
863	попадает	попадать	VERB	_	Aspect=Imp|Mood=Ind|Number=Sing|Person=3|Tense=Pres|VerbForm=Fin|Voice=Act	_	_	_	@asp1991m-words#@asp1991m#250.394#250.74
864	ему	он	PRON	_	Case=Dat|Gender=Masc|Number=Sing|Person=3	_	_	_	@asp1991m-words#@asp1991m#250.94#251.153
865	не	не	PART	_	_	_	_	_	@asp1991m-words#@asp1991m#251.153#251.366
866	важно	важный	ADJ	_	Degree=Pos|Gender=Neut|Number=Sing|Variant=Short	_	_	_	@asp1991m-words#@asp1991m#251.366#251.579
867	что	что	SCONJ	_	_	_	_	_	@asp1991m-words#@asp1991m#251.579#251.792
868	там	там	ADV	_	Degree=Pos	_	_	_	@asp1991m-words#@asp1991m#251.792#252.005
869	будет	быть	AUX	_	Aspect=Imp|Mood=Ind|Number=Sing|Person=3|Tense=Pres|VerbForm=Fin|Voice=Act	_	_	_	@asp1991m-words#@asp1991m#252.005#252.218
870	нарисовано	рисовать	VERB	_	Aspect=Perf|Gender=Neut|Number=Sing|Tense=Past|Variant=Short|VerbForm=Part|Voice=Pass	_	_	_	@asp1991m-words#@asp1991m#252.218#252.431
871	/	/	PUNCT	_	_	_	_	_	@asp1991m-words#@asp1991m#252.431#252.644
872	он	он	PRON	_	Case=Nom|Gender=Masc|Number=Sing|Person=3	_	_	_	@asp1991m-words#@asp1991m#252.644#252.857
873	это	это	PRON	_	Animacy=Inan|Case=Nom|Gender=Neut|Number=Sing	_	_	_	@asp1991m-words#@asp1991m#252.857#253.07
874	закрасит	красить	VERB	_	Aspect=Perf|Mood=Ind|Number=Sing|Person=3|Tense=Fut|VerbForm=Fin|Voice=Act	_	_	_	@asp1991m-words#@asp1991m#253.07#253.283
875	скорее	скорее	ADV	_	Degree=Pos	_	_	_	@asp1991m-words#@asp1991m#253.283#253.496
876	всего	все	PRON	_	Animacy=Inan|Case=Gen|Gender=Neut|Number=Sing	_	_	_	@asp1991m-words#@asp1991m#253.496#253.72
877	если	если	SCONJ	_	_	_	_	_	@asp1991m-words#@asp1991m#253.98#254.234
878	уж	уж	PART	_	_	_	_	_	@asp1991m-words#@asp1991m#254.234#254.488
879	там	там	ADV	_	Degree=Pos	_	_	_	@asp1991m-words#@asp1991m#254.488#254.742
880	/	/	PUNCT	_	_	_	_	_	@asp1991m-words#@asp1991m#254.742#254.996
881	не	не	PART	_	_	_	_	_	@asp1991m-words#@asp1991m#254.996#255.25
882	знаю	знать	VERB	_	Aspect=Imp|Mood=Ind|Number=Sing|Person=1|Tense=Pres|VerbForm=Fin|Voice=Act	_	_	_	@asp1991m-words#@asp1991m#255.25#255.504
883	/	/	PUNCT	_	_	_	_	_	@asp1991m-words#@asp1991m#255.504#255.758
884	нет	нет	PART	_	Aspect=Imp|Mood=Ind|Number=Sing|Person=3|Tense=Pres|VerbForm=Fin|Voice=Act	_	_	_	@asp1991m-words#@asp1991m#255.758#256.012
885	совсем	совсем	ADV	_	Degree=Pos	_	_	_	@asp1991m-words#@asp1991m#256.012#256.266
886	каких-то	какой-то	DET	_	Case=Gen|Number=Plur	_	_	_	@asp1991m-words#@asp1991m#256.266#256.52
887	противоречий	противоречие	NOUN	_	Animacy=Inan|Case=Gen|Gender=Neut|Number=Plur	_	_	_	@asp1991m-words#@asp1991m#256.52#256.774
888	ээ	ээ	NOUN	_	Animacy=Inan|Case=Gen|Gender=Fem|Number=Sing	_	_	_	@asp1991m-words#@asp1991m#256.774#257.028
889	у	у	ADP	_	_	_	_	_	@asp1991m-words#@asp1991m#257.028#257.282
890	него	он	PRON	_	Case=Gen|Gender=Masc|Number=Sing|Person=3	_	_	_	@asp1991m-words#@asp1991m#257.282#257.536
891	в	в	ADP	_	_	_	_	_	@asp1991m-words#@asp1991m#257.536#257.79
892	голове	голова	NOUN	_	Animacy=Inan|Case=Loc|Gender=Fem|Number=Sing	_	_	_	@asp1991m-words#@asp1991m#257.79#258.044
893	/	/	PUNCT	_	_	_	_	_	@asp1991m-words#@asp1991m#258.044#258.298
894	да	да	CCONJ	_	_	_	_	_	@asp1991m-words#@asp1991m#258.298#258.552
895	/	/	PUNCT	_	_	_	_	_	@asp1991m-words#@asp1991m#258.552#258.806
896	с	с	ADP	_	_	_	_	_	@asp1991m-words#@asp1991m#258.806#259.06
897	этим	это	PRON	_	Animacy=Inan|Case=Ins|Gender=Neut|Number=Sing	_	_	_	@asp1991m-words#@asp1991m#259.06#259.314
898	связанных	связать	VERB	_	Aspect=Perf|Case=Gen|Number=Plur|Tense=Past|VerbForm=Part|Voice=Pass	_	_	_	@asp1991m-words#@asp1991m#259.314#259.57
899	и	и	CCONJ	_	_	_	_	_	@asp1991m-words#@asp1991m#259.89#260.194
900	тут	тут	ADV	_	Degree=Pos	_	_	_	@asp1991m-words#@asp1991m#260.194#260.498
901	как	как	SCONJ	_	_	_	_	_	@asp1991m-words#@asp1991m#260.498#260.802
902	раз	раз	NOUN	_	Animacy=Inan|Case=Acc|Gender=Masc|Number=Sing	_	_	_	@asp1991m-words#@asp1991m#260.802#261.106
903	идет	идти	VERB	_	Aspect=Imp|Mood=Ind|Number=Sing|Person=3|Tense=Pres|VerbForm=Fin|Voice=Act	_	_	_	@asp1991m-words#@asp1991m#261.106#261.41
904	вопрос	вопрос	NOUN	_	Animacy=Inan|Case=Nom|Gender=Masc|Number=Sing	_	_	_	@asp1991m-words#@asp1991m#261.41#261.714
905	оценки	оценка	NOUN	_	Animacy=Inan|Case=Gen|Gender=Fem|Number=Sing	_	_	_	@asp1991m-words#@asp1991m#261.714#262.018
906	/	/	PUNCT	_	_	_	_	_	@asp1991m-words#@asp1991m#262.018#262.322
907	кто	кто	PRON	_	Case=Nom	_	_	_	@asp1991m-words#@asp1991m#262.322#262.626
908	вовремя	вовремя	ADV	_	Degree=Pos	_	_	_	@asp1991m-words#@asp1991m#262.626#262.93
909	спохватился	спохватиться	VERB	_	Aspect=Imp|Gender=Masc|Mood=Ind|Number=Sing|Tense=Past|VerbForm=Fin|Voice=Mid	_	_	_	@asp1991m-words#@asp1991m#262.93#263.234
910	за	за	ADP	_	_	_	_	_	@asp1991m-words#@asp1991m#263.234#263.538
911	то	то	PRON	_	Animacy=Inan|Case=Acc|Gender=Neut|Number=Sing	_	_	_	@asp1991m-words#@asp1991m#263.538#263.842
912	что	что	SCONJ	_	_	_	_	_	@asp1991m-words#@asp1991m#263.842#264.146
913	искусство	искусство	NOUN	_	Animacy=Inan|Case=Acc|Gender=Neut|Number=Sing	_	_	_	@asp1991m-words#@asp1991m#264.146#264.45
914	нужно	нужный	ADJ	_	Degree=Pos|Gender=Neut|Number=Sing|Variant=Short	_	_	_	@asp1991m-words#@asp1991m#264.45#264.754
915	поддерживать	поддерживать	VERB	_	Aspect=Imp|VerbForm=Inf|Voice=Act	_	_	_	@asp1991m-words#@asp1991m#264.754#265.058
916	в	в	ADP	_	_	_	_	_	@asp1991m-words#@asp1991m#265.058#265.362
917	городской	городской	ADJ	_	Case=Loc|Degree=Pos|Gender=Fem|Number=Sing	_	_	_	@asp1991m-words#@asp1991m#265.362#265.666
918	среде	среда	NOUN	_	Animacy=Inan|Case=Loc|Gender=Fem|Number=Sing	_	_	_	@asp1991m-words#@asp1991m#265.666#265.97
919	развивать	развивать	VERB	_	Aspect=Imp|VerbForm=Inf|Voice=Act	_	_	_	@asp1991m-words#@asp1991m#266.2#266.509
920	и	и	CCONJ	_	_	_	_	_	@asp1991m-words#@asp1991m#266.509#266.818
921	давать	давать	VERB	_	Aspect=Imp|VerbForm=Inf|Voice=Act	_	_	_	@asp1991m-words#@asp1991m#266.818#267.127
922	ему	он	PRON	_	Case=Dat|Gender=Masc|Number=Sing|Person=3	_	_	_	@asp1991m-words#@asp1991m#267.127#267.436
923	почву	почва	NOUN	_	Animacy=Inan|Case=Acc|Gender=Fem|Number=Sing	_	_	_	@asp1991m-words#@asp1991m#267.436#267.745
924	/	/	PUNCT	_	_	_	_	_	@asp1991m-words#@asp1991m#267.745#268.054
925	чтобы	чтобы	SCONJ	_	Mood=Cnd	_	_	_	@asp1991m-words#@asp1991m#268.054#268.363
926	оно	оно	PRON	_	Case=Nom|Gender=Neut|Number=Sing|Person=3	_	_	_	@asp1991m-words#@asp1991m#268.363#268.672
927	появлялось	появляться	VERB	_	Aspect=Perf|Gender=Neut|Mood=Ind|Number=Sing|Tense=Past|VerbForm=Fin|Voice=Mid	_	_	_	@asp1991m-words#@asp1991m#268.672#268.981
928	/	/	PUNCT	_	_	_	_	_	@asp1991m-words#@asp1991m#268.981#269.29
929	и	и	CCONJ	_	_	_	_	_	@asp1991m-words#@asp1991m#269.29#269.599
930	чтобы	чтобы	SCONJ	_	Mood=Cnd	_	_	_	@asp1991m-words#@asp1991m#269.599#269.908
931	была	быть	VERB	_	Aspect=Imp|Gender=Fem|Mood=Ind|Number=Sing|Tense=Past|VerbForm=Fin|Voice=Act	_	_	_	@asp1991m-words#@asp1991m#269.908#270.217
932	внутренняя	внутренний	ADJ	_	Case=Nom|Degree=Pos|Gender=Fem|Number=Sing	_	_	_	@asp1991m-words#@asp1991m#270.217#270.526
933	система	система	NOUN	_	Animacy=Inan|Case=Nom|Gender=Fem|Number=Sing	_	_	_	@asp1991m-words#@asp1991m#270.526#270.835
934	условного	условный	ADJ	_	Case=Gen|Degree=Pos|Gender=Masc|Number=Sing	_	_	_	@asp1991m-words#@asp1991m#270.835#271.144
935	рейтинга	рейтинг	NOUN	_	Animacy=Inan|Case=Gen|Gender=Masc|Number=Sing	_	_	_	@asp1991m-words#@asp1991m#271.144#271.453
936	/	/	PUNCT	_	_	_	_	_	@asp1991m-words#@asp1991m#271.453#271.762
937	что	что	PRON	_	Case=Nom	_	_	_	@asp1991m-words#@asp1991m#271.762#272.071
938	круто	круть	ADV	_	Degree=Pos	_	_	_	@asp1991m-words#@asp1991m#272.071#272.38
939	что	что	PRON	_	Case=Acc	_	_	_	@asp1991m-words#@asp1991m#272.38#272.689
940	не	не	PART	_	_	_	_	_	@asp1991m-words#@asp1991m#272.689#272.998
941	круто	круто	ADJ	_	Degree=Pos|Gender=Neut|Number=Sing|Variant=Short	_	_	_	@asp1991m-words#@asp1991m#272.998#273.32
942	и	и	CCONJ	_	_	_	_	_	@asp1991m-words#@asp1991m#273.63#273.991
943	/	/	PUNCT	_	_	_	_	_	@asp1991m-words#@asp1991m#273.991#274.352
944	да	да	PART	_	_	_	_	_	@asp1991m-words#@asp1991m#274.352#274.713
945	там	там	ADV	_	Degree=Pos	_	_	_	@asp1991m-words#@asp1991m#274.713#275.074
946	спустя	спустя	ADP	_	_	_	_	_	@asp1991m-words#@asp1991m#275.074#275.435
947	три	три	NUM	_	Animacy=Inan|Case=Acc	_	_	_	@asp1991m-words#@asp1991m#275.435#275.796
948	пять	пять	NUM	_	Case=Acc	_	_	_	@asp1991m-words#@asp1991m#275.796#276.157
949	там	там	ADV	_	Degree=Pos	_	_	_	@asp1991m-words#@asp1991m#276.157#276.518
950	десять	десять	NUM	_	Case=Acc	_	_	_	@asp1991m-words#@asp1991m#276.518#276.879
951	лет	год	NOUN	_	Animacy=Inan|Case=Gen|Gender=Masc|Number=Plur	_	_	_	@asp1991m-words#@asp1991m#276.879#277.24
952	вот	вот	PART	_	_	_	_	_	@asp1991m-words#@asp1991m#277.24#277.601
953	эта	этот	DET	_	Case=Nom|Gender=Fem|Number=Sing	_	_	_	@asp1991m-words#@asp1991m#277.601#277.962
954	внутренняя	внутренний	ADJ	_	Case=Nom|Degree=Pos|Gender=Fem|Number=Sing	_	_	_	@asp1991m-words#@asp1991m#277.962#278.323
955	оценка	оценка	NOUN	_	Animacy=Inan|Case=Nom|Gender=Fem|Number=Sing	_	_	_	@asp1991m-words#@asp1991m#278.323#278.684
956	позволяет	позволять	VERB	_	Aspect=Imp|Mood=Ind|Number=Sing|Person=3|Tense=Pres|VerbForm=Fin|Voice=Act	_	_	_	@asp1991m-words#@asp1991m#278.684#279.045
957	уже	уже	ADV	_	Degree=Pos	_	_	_	@asp1991m-words#@asp1991m#279.045#279.406
958	не	не	PART	_	_	_	_	_	@asp1991m-words#@asp1991m#279.406#279.767
959	защищать	защищать	VERB	_	Aspect=Imp|VerbForm=Inf|Voice=Act	_	_	_	@asp1991m-words#@asp1991m#279.767#280.128
960	какие-то	какой-то	DET	_	Case=Acc|Number=Plur	_	_	_	@asp1991m-words#@asp1991m#280.128#280.489
961	работы	работа	NOUN	_	Animacy=Inan|Case=Acc|Gender=Fem|Number=Plur	_	_	_	@asp1991m-words#@asp1991m#280.489#280.85
962	и	и	CCONJ	_	_	_	_	_	@asp1991m-words#@asp1991m#281.49#281.78
963	это	это	PRON	_	Animacy=Inan|Case=Nom|Gender=Neut|Number=Sing	_	_	_	@asp1991m-words#@asp1991m#281.78#282.07
964	хорошо	хороший	ADJ	_	Degree=Pos|Gender=Neut|Number=Sing|Variant=Short	_	_	_	@asp1991m-words#@asp1991m#282.07#282.36
965	вот	вот	PART	_	_	_	_	_	@asp1991m-words#@asp1991m#282.64#283.041
966	в	в	ADP	_	_	_	_	_	@asp1991m-words#@asp1991m#283.041#283.442
967	Москве	Москва	PROPN	_	Animacy=Inan|Case=Loc|Gender=Fem|Number=Sing	_	_	_	@asp1991m-words#@asp1991m#283.442#283.843
968	например	например	ADV	_	Degree=Pos	_	_	_	@asp1991m-words#@asp1991m#283.843#284.244
969	/	/	PUNCT	_	_	_	_	_	@asp1991m-words#@asp1991m#284.244#284.645
970	эээ	эээ	INTJ	_	_	_	_	_	@asp1991m-words#@asp1991m#284.645#285.046
971	/	/	PUNCT	_	_	_	_	_	@asp1991m-words#@asp1991m#285.046#285.447
972	система	система	NOUN	_	Animacy=Inan|Case=Nom|Gender=Fem|Number=Sing	_	_	_	@asp1991m-words#@asp1991m#285.447#285.848
973	/	/	PUNCT	_	_	_	_	_	@asp1991m-words#@asp1991m#285.848#286.249
974	более	более	ADV	_	Degree=Cmp	_	_	_	@asp1991m-words#@asp1991m#286.249#286.65
975	такая	такой	DET	_	Case=Nom|Gender=Fem|Number=Sing	_	_	_	@asp1991m-words#@asp1991m#286.65#287.051
976	/	/	PUNCT	_	_	_	_	_	@asp1991m-words#@asp1991m#287.051#287.452
977	я	я	PRON	_	Case=Nom|Number=Sing|Person=1	_	_	_	@asp1991m-words#@asp1991m#287.452#287.853
978	бы	бы	AUX	_	_	_	_	_	@asp1991m-words#@asp1991m#287.853#288.254
979	сказал	сказать	VERB	_	Aspect=Perf|Gender=Masc|Mood=Ind|Number=Sing|Tense=Past|VerbForm=Fin|Voice=Act	_	_	_	@asp1991m-words#@asp1991m#288.254#288.655
980	дикая	дикий	ADJ	_	Case=Nom|Degree=Pos|Gender=Fem|Number=Sing	_	_	_	@asp1991m-words#@asp1991m#288.655#289.07
981	то	то	PRON	_	Animacy=Inan|Case=Nom|Gender=Neut|Number=Sing	_	_	_	@asp1991m-words#@asp1991m#289.2#289.467
982	есть	быть	VERB	_	Aspect=Imp|Mood=Ind|Number=Sing|Person=3|Tense=Pres|VerbForm=Fin|Voice=Act	_	_	_	@asp1991m-words#@asp1991m#289.467#289.734
983	если	если	SCONJ	_	_	_	_	_	@asp1991m-words#@asp1991m#289.734#290.001
984	там	там	ADV	_	Degree=Pos	_	_	_	@asp1991m-words#@asp1991m#290.001#290.268
985	что-то	что-то	PRON	_	Case=Nom	_	_	_	@asp1991m-words#@asp1991m#290.268#290.535
986	появляется	появляться	VERB	_	Aspect=Imp|Mood=Ind|Number=Sing|Person=3|Tense=Pres|VerbForm=Fin|Voice=Mid	_	_	_	@asp1991m-words#@asp1991m#290.535#290.802
987	/	/	PUNCT	_	_	_	_	_	@asp1991m-words#@asp1991m#290.802#291.069
988	если	если	SCONJ	_	_	_	_	_	@asp1991m-words#@asp1991m#291.069#291.336
989	это	это	PRON	_	Animacy=Inan|Case=Nom|Gender=Neut|Number=Sing	_	_	_	@asp1991m-words#@asp1991m#291.336#291.603
990	не	не	PART	_	_	_	_	_	@asp1991m-words#@asp1991m#291.603#291.87
991	согласовано	согласовать	VERB	_	Aspect=Perf|Gender=Neut|Number=Sing|Tense=Past|Variant=Short|VerbForm=Part|Voice=Pass	_	_	_	@asp1991m-words#@asp1991m#291.87#292.137
992	/	/	PUNCT	_	_	_	_	_	@asp1991m-words#@asp1991m#292.137#292.404
993	все	весь	DET	_	Case=Nom|Gender=Neut|Number=Sing	_	_	_	@asp1991m-words#@asp1991m#292.404#292.671
994	это	это	PRON	_	Animacy=Inan|Case=Nom|Gender=Neut|Number=Sing	_	_	_	@asp1991m-words#@asp1991m#292.671#292.938
995	не	не	PART	_	_	_	_	_	@asp1991m-words#@asp1991m#292.938#293.205
996	легально	легально	ADJ	_	Degree=Pos|Gender=Neut|Number=Sing|Variant=Short	_	_	_	@asp1991m-words#@asp1991m#293.205#293.472
997	/	/	PUNCT	_	_	_	_	_	@asp1991m-words#@asp1991m#293.472#293.739
998	это	это	PRON	_	Animacy=Inan|Case=Acc|Gender=Neut|Number=Sing	_	_	_	@asp1991m-words#@asp1991m#293.739#294.006
999	можно	можно	ADV	_	Degree=Pos	_	_	_	@asp1991m-words#@asp1991m#294.006#294.273
1000	закрасить	красить	VERB	_	Aspect=Perf|VerbForm=Inf|Voice=Act	_	_	_	@asp1991m-words#@asp1991m#294.273#294.54
1001	[нрзб]	[нрзб]	PUNCT	_	_	_	_	_	@asp1991m-words#@asp1991m#294.54#294.82
1002	да	да	PART	_	_	_	_	_	@asp1991m-words#@asp1991m#297.39#297.85
1003	да	да	PART	_	_	_	_	_	@asp1991m-words#@asp1991m#298.92#299.38
